filename,width,height,class,xmin,ymin,xmax,ymax
scene01781.png,1920,1090,ball,1095,364,1185,458
4940.jpg,1920,1080,person,422,777,484,886
4940.jpg,1920,1080,ball,459,815,473,830
4940.jpg,1920,1080,person,918,688,987,809
4940.jpg,1920,1080,person,905,545,954,638
4940.jpg,1920,1080,person,899,396,945,486
4940.jpg,1920,1080,person,1084,509,1142,609
4940.jpg,1920,1080,person,1176,265,1221,338
4940.jpg,1920,1080,person,1135,807,1229,915
4940.jpg,1920,1080,person,1143,763,1184,824
4940.jpg,1920,1080,person,1293,738,1347,858
4940.jpg,1920,1080,person,1277,676,1323,797
4940.jpg,1920,1080,person,1663,434,1734,534
4940.jpg,1920,1080,person,1895,277,1920,354
scene15521.png,1920,1090,person,667,285,934,764
scene15521.png,1920,1090,ball,1793,701,1852,758
scene15521.png,1920,1090,ball,1548,397,1595,444
scene09861.png,1920,1090,ball,1428,556,1501,634
scene09861.png,1920,1090,person,924,352,1254,987
scene09861.png,1920,1090,person,395,732,1028,979
scene09861.png,1920,1090,person,191,285,401,1044
scene21121.png,1920,1090,ball,910,411,1003,505
scene21121.png,1920,1090,person,1412,283,1741,1090
scene21121.png,1920,1090,person,638,446,1134,877
scene21121.png,1920,1090,person,369,470,720,1089
scene21121.png,1920,1090,person,69,509,361,1089
scene15441.png,1920,1090,person,1085,117,1471,770
scene15441.png,1920,1090,ball,1807,232,1865,303
scene15441.png,1920,1090,ball,1193,687,1275,760
4820.jpg,1920,1080,person,319,128,359,203
4820.jpg,1920,1080,person,421,211,455,288
4820.jpg,1920,1080,person,223,624,280,745
4820.jpg,1920,1080,person,298,813,348,943
4820.jpg,1920,1080,person,623,449,669,536
4820.jpg,1920,1080,person,832,520,892,626
4820.jpg,1920,1080,person,1017,163,1061,243
4820.jpg,1920,1080,person,1209,290,1246,380
4820.jpg,1920,1080,person,1207,484,1251,580
4820.jpg,1920,1080,person,1257,582,1328,697
4820.jpg,1920,1080,person,1111,824,1192,959
4820.jpg,1920,1080,person,1432,943,1523,1080
4820.jpg,1920,1080,person,1642,501,1705,615
4820.jpg,1920,1080,ball,1225,681,1243,697
scene19521.png,1920,1090,ball,844,211,946,311
scene19521.png,1920,1090,person,1389,330,1873,779
scene19521.png,1920,1090,person,465,442,801,1090
scene21041.png,1920,1090,person,1012,168,1630,1087
scene21041.png,1920,1090,ball,1214,448,1405,568
scene03021.png,1920,1090,person,663,446,730,613
scene03021.png,1920,1090,person,783,417,873,558
scene03021.png,1920,1090,person,1032,474,1079,632
scene03021.png,1920,1090,person,1065,383,1112,544
scene03021.png,1920,1090,person,1167,417,1228,566
scene03021.png,1920,1090,person,1583,444,1640,621
scene03021.png,1920,1090,person,1469,597,1528,793
scene03021.png,1920,1090,person,991,656,1061,848
scene03021.png,1920,1090,person,918,740,1010,960
scene03021.png,1920,1090,person,771,711,836,907
scene03021.png,1920,1090,person,1571,938,1640,1089
scene03021.png,1920,1090,person,1622,840,1689,1066
scene03021.png,1920,1090,person,1889,754,1920,976
scene20161.png,1920,1090,person,983,193,1505,985
scene20161.png,1920,1090,person,559,411,789,774
scene20161.png,1920,1090,ball,707,834,822,942
frame13600.jpg,1920,1080,person,89,794,189,978
frame13600.jpg,1920,1080,person,344,645,452,772
frame13600.jpg,1920,1080,person,520,410,587,512
frame13600.jpg,1920,1080,person,507,304,554,416
frame13600.jpg,1920,1080,person,718,261,761,359
frame13600.jpg,1920,1080,person,752,274,810,359
frame13600.jpg,1920,1080,person,1028,196,1071,286
frame13600.jpg,1920,1080,person,1073,255,1110,345
frame13600.jpg,1920,1080,person,1189,200,1226,294
frame13600.jpg,1920,1080,person,1326,108,1361,186
frame13600.jpg,1920,1080,person,1269,359,1301,467
frame13600.jpg,1920,1080,person,1367,276,1422,382
frame13600.jpg,1920,1080,person,1446,182,1493,272
frame13600.jpg,1920,1080,person,1452,539,1505,680
frame13600.jpg,1920,1080,person,1587,633,1654,755
frame13600.jpg,1920,1080,ball,1572,738,1590,756
2920.jpg,1920,1080,person,300,652,401,800
2920.jpg,1920,1080,person,722,606,768,775
2920.jpg,1920,1080,person,702,698,904,742
2920.jpg,1920,1080,person,1043,580,1108,683
2920.jpg,1920,1080,person,1041,585,1184,657
2920.jpg,1920,1080,person,1115,538,1205,586
2920.jpg,1920,1080,person,1088,495,1233,559
2920.jpg,1920,1080,person,1279,470,1340,596
2920.jpg,1920,1080,person,1222,730,1289,889
2920.jpg,1920,1080,ball,936,519,954,535
2920.jpg,1920,1080,person,1579,359,1626,491
2920.jpg,1920,1080,person,1592,670,1647,833
2920.jpg,1920,1080,person,1804,738,1860,910
4160.jpg,1920,1080,person,153,670,240,790
4160.jpg,1920,1080,person,180,505,263,605
4160.jpg,1920,1080,person,619,543,657,630
4160.jpg,1920,1080,person,721,497,761,586
4160.jpg,1920,1080,person,784,503,853,593
4160.jpg,1920,1080,person,917,551,967,620
4160.jpg,1920,1080,person,982,620,1026,722
4160.jpg,1920,1080,person,909,849,946,972
4160.jpg,1920,1080,person,1784,468,1836,557
4160.jpg,1920,1080,ball,655,628,667,641
scene02841.png,1920,1090,person,816,281,1230,870
scene02841.png,1920,1090,person,1016,228,1110,428
scene02841.png,1920,1090,person,1226,252,1314,552
scene02841.png,1920,1090,person,1405,240,1538,566
scene02841.png,1920,1090,person,1630,195,1916,1040
scene02841.png,1920,1090,ball,730,770,810,850
scene09041.png,1920,1090,person,846,472,1279,1090
scene09041.png,1920,1090,person,1152,452,1373,987
scene09041.png,1920,1090,person,1710,466,1920,1006
scene09041.png,1920,1090,ball,1210,138,1312,228
scene16161.png,1920,1090,ball,1583,997,1741,1090
scene16161.png,1920,1090,person,1603,101,1842,697
scene16161.png,1920,1090,person,1310,177,1414,544
scene16161.png,1920,1090,person,783,7,1179,936
scene16161.png,1920,1090,person,471,179,893,981
scene12461.png,1920,1090,ball,456,366,540,442
scene12461.png,1920,1090,ball,1330,644,1383,703
scene12461.png,1920,1090,person,554,530,1058,1090
scene12461.png,1920,1090,person,928,532,1286,1090
scene12461.png,1920,1090,person,1338,311,1605,1090
scene12461.png,1920,1090,person,1607,560,1909,1090
scene03381.png,1920,1090,person,150,395,250,648
scene03381.png,1920,1090,person,316,419,454,785
scene03381.png,1920,1090,person,250,542,440,913
scene03381.png,1920,1090,person,575,436,805,758
scene03381.png,1920,1090,person,805,434,916,832
scene03381.png,1920,1090,person,1446,617,1681,946
scene03381.png,1920,1090,ball,880,481,936,538
scene12501.png,1920,1090,ball,677,181,775,264
scene12501.png,1920,1090,person,999,303,1903,1028
scene12501.png,1920,1090,person,654,299,895,1068
scene12501.png,1920,1090,person,403,387,718,901
scene12501.png,1920,1090,person,161,234,453,1090
scene09121.png,1920,1090,ball,1373,626,1420,764
scene01541.png,1920,1090,person,54,213,695,1090
scene01541.png,1920,1090,person,1148,274,1528,956
scene01541.png,1920,1090,person,1667,240,1907,917
scene01541.png,1920,1090,ball,1179,277,1267,366
scene10841.png,1920,1090,ball,707,697,873,862
scene10841.png,1920,1090,person,1329,1,1916,879
scene04161.png,1920,1090,person,110,150,442,1028
scene04161.png,1920,1090,person,616,501,1110,877
scene04161.png,1920,1090,person,610,415,869,893
scene04161.png,1920,1090,person,1446,715,1893,883
2840.jpg,1920,1080,person,433,434,519,542
2840.jpg,1920,1080,person,558,607,669,781
2840.jpg,1920,1080,person,728,577,825,750
2840.jpg,1920,1080,person,773,519,865,648
2840.jpg,1920,1080,ball,475,732,501,753
2840.jpg,1920,1080,person,980,755,1069,941
2840.jpg,1920,1080,person,1051,445,1111,577
2840.jpg,1920,1080,person,1106,466,1178,627
2840.jpg,1920,1080,person,1310,654,1379,827
2840.jpg,1920,1080,person,1348,377,1394,516
2840.jpg,1920,1080,person,1425,359,1505,498
2840.jpg,1920,1080,person,1551,277,1630,420
2840.jpg,1920,1080,person,1507,561,1585,730
2840.jpg,1920,1080,person,1607,988,1687,1080
scene01741.png,1920,1090,ball,1071,579,1146,674
scene03181.png,1920,1090,person,993,134,1381,885
scene03181.png,1920,1090,person,1079,95,1499,795
scene03181.png,1920,1090,ball,928,709,1018,795
4200.jpg,1920,1080,person,36,494,85,620
4200.jpg,1920,1080,person,56,702,115,848
4200.jpg,1920,1080,person,403,554,486,686
4200.jpg,1920,1080,person,609,432,669,539
4200.jpg,1920,1080,person,680,577,751,677
4200.jpg,1920,1080,person,738,479,792,587
4200.jpg,1920,1080,person,1019,593,1090,716
4200.jpg,1920,1080,ball,845,750,867,770
4200.jpg,1920,1080,person,951,842,1055,984
4200.jpg,1920,1080,person,1672,469,1732,555
820.jpg,1280,720,ball,872,86,886,100
820.jpg,1280,720,person,998,157,1027,220
820.jpg,1280,720,person,903,105,935,162
820.jpg,1280,720,person,860,21,889,79
820.jpg,1280,720,person,834,81,864,136
820.jpg,1280,720,person,676,178,702,233
820.jpg,1280,720,person,566,141,605,205
820.jpg,1280,720,person,529,16,571,58
820.jpg,1280,720,person,535,225,563,289
820.jpg,1280,720,person,643,399,674,481
820.jpg,1280,720,person,240,66,274,123
820.jpg,1280,720,person,195,42,224,94
820.jpg,1280,720,person,148,120,177,192
820.jpg,1280,720,person,255,162,277,231
820.jpg,1280,720,person,139,300,177,370
820.jpg,1280,720,person,48,221,87,302
frame10900.jpg,1920,1080,person,5,412,46,535
frame10900.jpg,1920,1080,person,267,298,305,400
frame10900.jpg,1920,1080,person,359,282,401,376
frame10900.jpg,1920,1080,person,373,210,412,278
frame10900.jpg,1920,1080,person,475,276,510,374
frame10900.jpg,1920,1080,person,422,455,465,563
frame10900.jpg,1920,1080,person,832,416,867,523
frame10900.jpg,1920,1080,person,826,345,865,421
frame10900.jpg,1920,1080,person,1122,459,1165,580
frame10900.jpg,1920,1080,person,1250,482,1301,608
frame10900.jpg,1920,1080,person,1299,531,1346,647
frame10900.jpg,1920,1080,person,1793,361,1838,476
frame10900.jpg,1920,1080,ball,473,535,487,550
scene00661.png,1920,1090,person,626,193,926,805
scene00661.png,1920,1090,person,1185,26,1503,872
scene00661.png,1920,1090,person,910,177,1473,1017
scene00661.png,1920,1090,ball,1034,813,1134,913
scene04361.png,1920,1090,person,418,654,859,942
scene04361.png,1920,1090,ball,638,838,720,919
scene04361.png,1920,1090,person,805,5,1494,1090
scene04361.png,1920,1090,person,1301,11,1579,952
5320.jpg,1920,1080,person,166,660,288,838
5320.jpg,1920,1080,person,359,612,454,766
5320.jpg,1920,1080,person,354,488,433,624
5320.jpg,1920,1080,person,1348,751,1413,943
5320.jpg,1920,1080,person,1582,688,1646,899
5320.jpg,1920,1080,person,1351,528,1415,705
5320.jpg,1920,1080,person,1293,411,1353,564
5320.jpg,1920,1080,person,1339,360,1389,496
5320.jpg,1920,1080,person,1471,445,1565,561
5320.jpg,1920,1080,ball,1539,563,1558,584
scene19481.png,1920,1090,ball,567,66,683,185
scene19481.png,1920,1090,person,1683,268,1920,841
scene19481.png,1920,1090,person,1228,274,1763,960
scene19481.png,1920,1090,person,618,7,1303,1072
scene21081.png,1920,1090,ball,1167,244,1252,321
scene21081.png,1920,1090,person,948,591,1222,1074
scene00701.png,1920,1090,person,285,168,546,917
scene00701.png,1920,1090,person,795,152,1130,921
scene00701.png,1920,1090,person,1048,40,1238,338
scene00701.png,1920,1090,person,1089,138,1456,1026
scene00701.png,1920,1090,ball,1367,840,1446,946
scene15481.png,1920,1090,person,887,232,1267,742
scene15481.png,1920,1090,ball,1022,674,1079,740
scene15481.png,1920,1090,ball,1752,309,1810,368
scene01621.png,1920,1090,person,328,419,512,915
scene01621.png,1920,1090,person,1220,366,1654,936
scene01621.png,1920,1090,person,1467,391,1628,979
scene01621.png,1920,1090,ball,579,79,673,166
scene21241.png,1920,1090,ball,1054,407,1138,503
scene21241.png,1920,1090,person,671,621,1373,930
frame11000.jpg,1920,1080,person,38,346,85,448
frame11000.jpg,1920,1080,person,118,315,170,411
frame11000.jpg,1920,1080,person,288,273,341,359
frame11000.jpg,1920,1080,person,207,403,258,508
frame11000.jpg,1920,1080,person,264,500,317,594
frame11000.jpg,1920,1080,person,423,501,479,586
frame11000.jpg,1920,1080,person,404,333,441,422
frame11000.jpg,1920,1080,person,610,391,651,489
frame11000.jpg,1920,1080,person,822,477,862,573
frame11000.jpg,1920,1080,person,896,465,940,584
frame11000.jpg,1920,1080,person,1000,518,1045,630
frame11000.jpg,1920,1080,ball,314,582,329,594
frame11000.jpg,1920,1080,person,1518,371,1559,458
scene14761.png,1920,1090,ball,116,652,179,715
frame3400.jpg,1920,1080,person,377,462,437,602
frame3400.jpg,1920,1080,person,590,479,641,601
frame3400.jpg,1920,1080,person,788,616,886,740
frame3400.jpg,1920,1080,person,835,760,896,867
frame3400.jpg,1920,1080,person,943,511,1041,647
frame3400.jpg,1920,1080,person,1100,469,1159,604
frame3400.jpg,1920,1080,ball,975,619,991,641
frame3400.jpg,1920,1080,person,1738,453,1805,615
frame7100.jpg,1920,1080,person,128,318,190,427
frame7100.jpg,1920,1080,person,231,384,280,519
frame7100.jpg,1920,1080,person,370,392,442,531
frame7100.jpg,1920,1080,person,389,485,454,629
frame7100.jpg,1920,1080,person,471,313,517,428
frame7100.jpg,1920,1080,person,549,493,608,597
frame7100.jpg,1920,1080,person,727,439,841,545
frame7100.jpg,1920,1080,person,731,402,812,475
frame7100.jpg,1920,1080,ball,757,513,776,532
frame7100.jpg,1920,1080,person,897,411,969,542
frame7100.jpg,1920,1080,person,956,456,1010,604
scene03221.png,1920,1090,person,887,252,1207,901
scene03221.png,1920,1090,ball,1107,305,1193,405
scene03221.png,1920,1090,person,1671,162,1885,840
scene02881.png,1920,1090,person,299,540,385,664
scene02881.png,1920,1090,person,544,597,599,742
scene02881.png,1920,1090,person,689,466,732,601
scene02881.png,1920,1090,person,695,270,746,362
scene02881.png,1920,1090,person,828,426,875,552
scene02881.png,1920,1090,person,842,552,897,685
scene02881.png,1920,1090,person,1036,344,1091,446
scene02881.png,1920,1090,person,1161,323,1197,409
scene02881.png,1920,1090,person,1214,317,1261,415
scene02881.png,1920,1090,person,1234,295,1269,391
scene02881.png,1920,1090,person,1265,289,1312,391
scene02881.png,1920,1090,person,1026,597,1089,719
scene02881.png,1920,1090,person,1134,511,1199,628
scene02881.png,1920,1090,person,1452,336,1489,430
scene02881.png,1920,1090,person,1634,562,1669,721
scene02881.png,1920,1090,ball,1102,705,1119,723
scene01581.png,1920,1090,person,142,354,346,864
scene01581.png,1920,1090,person,795,213,1179,962
scene01581.png,1920,1090,person,1175,330,1567,915
scene01581.png,1920,1090,person,1724,332,1912,885
scene01581.png,1920,1090,ball,916,168,997,242
scene14601.png,1920,1090,person,534,330,875,919
scene14601.png,1920,1090,person,1187,246,1469,850
scene14601.png,1920,1090,person,1379,415,1599,779
scene14601.png,1920,1090,ball,1346,793,1416,862
scene03341.png,1920,1090,person,136,566,236,846
scene03341.png,1920,1090,person,267,685,459,1042
scene03341.png,1920,1090,person,426,568,522,821
scene03341.png,1920,1090,person,630,662,759,1032
scene03341.png,1920,1090,person,699,548,852,881
scene03341.png,1920,1090,person,763,658,1052,1023
scene03341.png,1920,1090,person,1020,621,1279,970
scene03341.png,1920,1090,ball,707,454,754,497
2880.jpg,1920,1080,person,505,632,553,765
2880.jpg,1920,1080,person,638,661,796,705
2880.jpg,1920,1080,person,678,620,721,768
2880.jpg,1920,1080,person,726,543,892,611
2880.jpg,1920,1080,person,954,583,1057,646
2880.jpg,1920,1080,person,1025,463,1131,595
2880.jpg,1920,1080,ball,958,565,979,579
2880.jpg,1920,1080,person,1169,452,1238,561
2880.jpg,1920,1080,person,1278,443,1326,567
2880.jpg,1920,1080,person,1064,737,1120,898
2880.jpg,1920,1080,person,1461,632,1511,782
2880.jpg,1920,1080,person,1515,697,1565,840
2880.jpg,1920,1080,person,1509,380,1553,490
2880.jpg,1920,1080,person,1723,993,1789,1080
2880.jpg,1920,1080,person,1819,465,1884,586
scene20981.png,1920,1090,ball,1056,507,1240,687
scene20981.png,1920,1090,person,759,303,1307,1090
scene20981.png,1920,1090,person,5,381,573,915
160.jpg,1280,720,person,20,73,43,136
160.jpg,1280,720,person,30,158,57,220
160.jpg,1280,720,person,249,365,277,447
160.jpg,1280,720,person,186,280,210,355
160.jpg,1280,720,person,150,120,171,173
160.jpg,1280,720,person,160,23,184,68
160.jpg,1280,720,person,270,38,293,83
160.jpg,1280,720,person,289,86,313,136
160.jpg,1280,720,person,446,136,481,194
160.jpg,1280,720,person,527,29,567,86
160.jpg,1280,720,person,661,183,688,248
160.jpg,1280,720,person,789,180,827,251
160.jpg,1280,720,person,821,20,853,81
160.jpg,1280,720,person,1064,9,1093,63
160.jpg,1280,720,person,1193,116,1230,181
160.jpg,1280,720,ball,782,42,791,53
scene10881.png,1920,1090,ball,1016,317,1205,511
scene10881.png,1920,1090,person,989,70,1865,974
scene03621.png,1920,1090,person,183,97,526,754
scene03621.png,1920,1090,person,781,172,1054,789
scene03621.png,1920,1090,person,873,50,1042,701
scene03621.png,1920,1090,person,897,248,1459,897
scene03621.png,1920,1090,ball,656,799,748,885
2660.jpg,1920,1080,person,148,392,197,487
2660.jpg,1920,1080,person,777,474,804,578
2660.jpg,1920,1080,person,758,457,799,560
2660.jpg,1920,1080,person,885,514,925,632
2660.jpg,1920,1080,person,957,542,985,581
2660.jpg,1920,1080,person,962,548,1005,660
2660.jpg,1920,1080,person,1001,557,1049,674
2660.jpg,1920,1080,person,1091,567,1140,684
2660.jpg,1920,1080,ball,1140,654,1157,668
2660.jpg,1920,1080,person,736,879,795,1032
2660.jpg,1920,1080,person,961,829,1031,963
2660.jpg,1920,1080,person,1206,351,1247,449
2660.jpg,1920,1080,person,1256,480,1308,580
2660.jpg,1920,1080,person,1482,556,1519,679
2660.jpg,1920,1080,person,1516,315,1594,418
2660.jpg,1920,1080,person,1675,426,1707,529
frame8800.jpg,1920,1080,ball,503,639,581,714
560.jpg,1280,720,person,13,320,46,404
560.jpg,1280,720,person,23,88,46,165
560.jpg,1280,720,person,132,1,164,58
560.jpg,1280,720,person,186,18,210,79
560.jpg,1280,720,person,136,158,173,233
560.jpg,1280,720,person,330,156,352,236
560.jpg,1280,720,person,616,240,653,312
560.jpg,1280,720,person,639,302,681,372
560.jpg,1280,720,person,599,447,642,536
560.jpg,1280,720,person,641,43,670,112
560.jpg,1280,720,person,755,16,785,83
560.jpg,1280,720,person,881,241,921,318
560.jpg,1280,720,person,1249,187,1278,252
560.jpg,1280,720,ball,1236,243,1250,258
2700.jpg,1920,1080,person,216,412,266,501
2700.jpg,1920,1080,person,592,523,661,627
2700.jpg,1920,1080,person,721,560,779,663
2700.jpg,1920,1080,person,777,494,851,604
2700.jpg,1920,1080,person,948,530,1009,643
2700.jpg,1920,1080,person,1143,390,1206,483
2700.jpg,1920,1080,person,1168,528,1249,622
2700.jpg,1920,1080,person,879,914,919,1072
2700.jpg,1920,1080,person,1048,826,1100,972
2700.jpg,1920,1080,person,1290,501,1338,608
2700.jpg,1920,1080,person,1328,529,1380,643
2700.jpg,1920,1080,person,1381,587,1424,711
2700.jpg,1920,1080,person,1429,339,1462,440
2700.jpg,1920,1080,person,1603,449,1640,553
2700.jpg,1920,1080,ball,1303,629,1321,643
scene03581.png,1920,1090,person,256,268,577,795
scene03581.png,1920,1090,person,428,111,685,779
scene03581.png,1920,1090,ball,728,721,818,803
frame2900.jpg,1920,1080,person,1,408,34,477
frame2900.jpg,1920,1080,person,77,396,106,464
frame2900.jpg,1920,1080,person,9,687,69,770
frame2900.jpg,1920,1080,person,239,763,292,863
frame2900.jpg,1920,1080,person,318,539,343,615
frame2900.jpg,1920,1080,person,414,581,440,657
frame2900.jpg,1920,1080,person,487,435,508,508
frame2900.jpg,1920,1080,person,553,344,578,403
frame2900.jpg,1920,1080,person,844,324,875,380
frame2900.jpg,1920,1080,person,912,611,957,691
frame2900.jpg,1920,1080,person,983,678,1042,764
frame2900.jpg,1920,1080,person,1068,609,1108,691
frame2900.jpg,1920,1080,person,1012,535,1046,610
frame2900.jpg,1920,1080,person,1032,372,1060,427
frame2900.jpg,1920,1080,person,1298,694,1361,764
frame2900.jpg,1920,1080,person,1363,430,1397,501
frame2900.jpg,1920,1080,person,1464,578,1501,647
frame2900.jpg,1920,1080,person,1532,511,1567,596
frame2900.jpg,1920,1080,ball,1429,721,1440,733
frame2900.jpg,1920,1080,ball,1634,629,1679,704
frame9100.jpg,1920,1080,ball,434,869,546,982
frame9100.jpg,1920,1080,person,977,80,1399,972
frame9100.jpg,1920,1080,person,1581,23,1920,951
frame5100.jpg,1920,1080,person,384,319,429,424
frame5100.jpg,1920,1080,person,893,470,956,584
frame5100.jpg,1920,1080,person,959,442,1020,565
frame5100.jpg,1920,1080,person,1109,536,1189,668
frame5100.jpg,1920,1080,person,1230,320,1279,417
frame5100.jpg,1920,1080,person,1513,273,1595,380
frame5100.jpg,1920,1080,ball,1488,372,1506,388
frame5100.jpg,1920,1080,person,1494,485,1586,600
frame5100.jpg,1920,1080,person,1561,427,1617,541
frame5100.jpg,1920,1080,person,989,805,1061,965
frame13000.jpg,1920,1080,person,299,484,499,906
frame13000.jpg,1920,1080,person,510,488,636,906
frame13000.jpg,1920,1080,person,691,421,867,908
frame13000.jpg,1920,1080,person,834,394,1022,904
frame13000.jpg,1920,1080,person,1007,333,1128,565
frame13000.jpg,1920,1080,person,1128,339,1281,853
frame13000.jpg,1920,1080,person,1016,506,1201,947
frame13000.jpg,1920,1080,ball,979,857,1044,923
scene17641.png,1920,1090,person,1330,13,1920,1086
scene17641.png,1920,1090,person,240,285,689,685
scene17641.png,1920,1090,person,10,260,256,1048
scene17641.png,1920,1090,ball,826,338,952,442
frame1600.jpg,1920,1080,person,14,471,35,601
frame1600.jpg,1920,1080,person,67,516,116,646
frame1600.jpg,1920,1080,person,112,460,157,585
frame1600.jpg,1920,1080,person,162,450,215,559
frame1600.jpg,1920,1080,person,404,452,464,573
frame1600.jpg,1920,1080,person,480,529,540,665
frame1600.jpg,1920,1080,person,1016,354,1051,443
frame1600.jpg,1920,1080,person,1064,340,1101,435
frame1600.jpg,1920,1080,person,1170,370,1219,448
frame1600.jpg,1920,1080,person,1203,384,1250,465
frame1600.jpg,1920,1080,person,1244,404,1319,506
frame1600.jpg,1920,1080,ball,1072,462,1086,476
frame1600.jpg,1920,1080,person,1422,443,1468,551
frame1600.jpg,1920,1080,person,1682,556,1728,708
frame1600.jpg,1920,1080,person,1876,569,1920,723
frame13200.jpg,1920,1080,ball,905,327,1289,698
frame13200.jpg,1920,1080,person,479,1,1305,849
scene17521.png,1920,1090,ball,963,217,1067,328
scene17521.png,1920,1090,person,1016,164,1275,1052
scene17521.png,1920,1090,person,1222,389,1538,1044
scene17521.png,1920,1090,person,597,115,854,987
scene17521.png,1920,1090,person,132,281,426,1066
frame9300.jpg,1920,1080,ball,671,592,801,737
frame9300.jpg,1920,1080,person,954,351,1303,790
frame9300.jpg,1920,1080,person,1352,484,1832,843
scene01801.png,1920,1090,ball,979,370,1067,468
scene00841.png,1920,1090,person,291,191,512,864
scene00841.png,1920,1090,person,622,572,1146,966
scene00841.png,1920,1090,person,903,232,1248,817
scene00841.png,1920,1090,ball,595,62,691,158
scene03421.png,1920,1090,person,59,450,279,915
scene03421.png,1920,1090,person,538,277,687,817
scene03421.png,1920,1090,person,691,419,989,860
scene03421.png,1920,1090,person,1073,607,1369,950
scene03421.png,1920,1090,ball,1489,1,1553,26
frame3200.jpg,1920,1080,person,1018,347,1569,961
frame3200.jpg,1920,1080,person,1263,269,1630,951
frame3200.jpg,1920,1080,ball,959,880,1048,959
frame11600.jpg,1920,1080,person,203,135,810,1014
frame11600.jpg,1920,1080,person,589,125,1267,976
frame11600.jpg,1920,1080,person,1089,163,1581,939
frame11600.jpg,1920,1080,ball,1728,902,1854,1016
scene01721.png,1920,1090,ball,967,838,1052,936
scene16261.png,1920,1090,person,205,103,354,538
scene16261.png,1920,1090,person,148,270,722,774
scene16261.png,1920,1090,person,293,711,991,985
scene16261.png,1920,1090,person,1803,119,1865,401
scene16261.png,1920,1090,ball,1477,985,1649,1090
4260.jpg,1920,1080,person,200,470,295,579
4260.jpg,1920,1080,person,364,667,468,774
4260.jpg,1920,1080,person,463,563,540,683
4260.jpg,1920,1080,person,579,371,618,483
4260.jpg,1920,1080,person,832,456,869,545
4260.jpg,1920,1080,person,787,610,856,705
4260.jpg,1920,1080,person,1082,779,1185,899
4260.jpg,1920,1080,person,1230,591,1314,710
4260.jpg,1920,1080,ball,948,861,966,876
4260.jpg,1920,1080,person,1621,450,1681,551
scene21181.png,1920,1090,person,238,348,544,1087
scene21181.png,1920,1090,person,1316,611,1916,1087
scene21181.png,1920,1090,ball,781,815,844,897
scene04261.png,1920,1090,person,1536,430,1920,869
scene04261.png,1920,1090,person,779,274,1201,858
scene04261.png,1920,1090,person,432,434,759,868
scene04261.png,1920,1090,person,61,83,473,1058
scene00761.png,1920,1090,person,169,168,383,877
scene00761.png,1920,1090,person,434,91,714,809
scene00761.png,1920,1090,person,763,285,1185,946
scene00761.png,1920,1090,person,997,254,1405,807
scene00761.png,1920,1090,ball,1430,446,1536,546
4880.jpg,1920,1080,person,498,756,573,869
4880.jpg,1920,1080,person,640,600,698,699
4880.jpg,1920,1080,person,763,282,812,363
4880.jpg,1920,1080,person,830,185,857,250
4880.jpg,1920,1080,person,846,485,898,571
4880.jpg,1920,1080,person,1008,483,1073,572
4880.jpg,1920,1080,person,1070,741,1136,850
4880.jpg,1920,1080,person,1176,647,1214,767
4880.jpg,1920,1080,ball,1133,737,1149,754
4880.jpg,1920,1080,person,1235,800,1294,920
4880.jpg,1920,1080,person,1244,561,1316,662
4880.jpg,1920,1080,person,1435,206,1455,278
4880.jpg,1920,1080,person,1463,352,1518,432
scene19581.png,1920,1090,person,1234,497,1565,1090
scene19581.png,1920,1090,ball,1044,605,1154,701
scene01641.png,1920,1090,person,585,411,865,895
scene01641.png,1920,1090,person,1667,517,1850,960
scene01641.png,1920,1090,ball,601,103,701,191
scene03081.png,1920,1090,person,1,1011,67,1090
scene03081.png,1920,1090,person,669,448,746,623
scene03081.png,1920,1090,person,834,385,924,548
scene03081.png,1920,1090,person,993,464,1038,634
scene03081.png,1920,1090,person,1016,393,1065,546
scene03081.png,1920,1090,person,1067,401,1110,558
scene03081.png,1920,1090,person,818,683,875,872
scene03081.png,1920,1090,person,984,724,1077,948
scene03081.png,1920,1090,person,1063,628,1173,834
scene03081.png,1920,1090,person,1481,571,1550,778
scene03081.png,1920,1090,person,1611,445,1674,626
scene03081.png,1920,1090,person,1525,835,1646,1078
scene03081.png,1920,1090,person,1630,871,1705,1090
scene03081.png,1920,1090,person,1891,732,1920,956
frame6900.jpg,1920,1080,person,257,287,298,396
frame6900.jpg,1920,1080,person,293,391,337,518
frame6900.jpg,1920,1080,person,565,365,598,496
frame6900.jpg,1920,1080,person,665,289,703,407
frame6900.jpg,1920,1080,person,754,290,811,396
frame6900.jpg,1920,1080,person,883,362,935,478
frame6900.jpg,1920,1080,person,933,363,955,413
frame6900.jpg,1920,1080,person,932,483,990,625
frame6900.jpg,1920,1080,ball,957,464,973,480
frame6900.jpg,1920,1080,person,1051,413,1101,520
frame6900.jpg,1920,1080,person,1202,279,1241,382
frame6900.jpg,1920,1080,person,1407,270,1444,367
frame6900.jpg,1920,1080,person,1539,331,1592,461
frame6900.jpg,1920,1080,person,1572,307,1612,418
frame6900.jpg,1920,1080,person,1643,400,1699,533
frame6900.jpg,1920,1080,person,1885,551,1920,725
920.jpg,1280,720,person,111,77,152,136
920.jpg,1280,720,ball,199,115,212,127
920.jpg,1280,720,person,233,246,261,333
920.jpg,1280,720,person,242,404,267,480
920.jpg,1280,720,person,300,265,332,331
920.jpg,1280,720,person,442,186,473,243
920.jpg,1280,720,person,635,77,664,137
920.jpg,1280,720,person,759,31,788,90
920.jpg,1280,720,person,727,136,761,198
920.jpg,1280,720,person,823,147,859,222
920.jpg,1280,720,person,680,345,724,416
920.jpg,1280,720,person,739,376,784,448
920.jpg,1280,720,person,681,640,726,720
920.jpg,1280,720,person,1228,459,1260,544
920.jpg,1280,720,person,1225,390,1271,461
920.jpg,1280,720,person,1128,286,1156,359
920.jpg,1280,720,person,1053,172,1091,247
2980.jpg,1920,1080,person,111,619,215,887
2980.jpg,1920,1080,person,270,793,609,856
2980.jpg,1920,1080,person,918,482,1030,737
2980.jpg,1920,1080,person,812,615,1065,707
2980.jpg,1920,1080,person,1014,360,1102,568
2980.jpg,1920,1080,ball,837,591,867,616
2980.jpg,1920,1080,person,1108,366,1211,604
2980.jpg,1920,1080,person,1175,621,1280,876
2980.jpg,1920,1080,person,1212,338,1334,521
2980.jpg,1920,1080,person,1306,297,1442,490
2980.jpg,1920,1080,person,1593,707,1692,968
scene21221.png,1920,1090,person,12,85,318,899
scene21221.png,1920,1090,person,767,570,1618,868
scene21221.png,1920,1090,ball,920,546,1005,642
scene03241.png,1920,1090,person,581,409,875,964
scene03241.png,1920,1090,person,1171,315,1330,932
scene03241.png,1920,1090,ball,1201,160,1281,246
frame7000.jpg,1920,1080,person,1,388,36,525
frame7000.jpg,1920,1080,person,301,288,350,402
frame7000.jpg,1920,1080,person,363,292,430,410
frame7000.jpg,1920,1080,person,752,488,803,627
frame7000.jpg,1920,1080,person,844,274,914,388
frame7000.jpg,1920,1080,person,898,415,1006,559
frame7000.jpg,1920,1080,person,1016,365,1067,488
frame7000.jpg,1920,1080,person,1051,354,1114,478
frame7000.jpg,1920,1080,person,1111,278,1158,390
frame7000.jpg,1920,1080,person,1338,347,1406,466
frame7000.jpg,1920,1080,ball,1126,469,1143,486
frame7000.jpg,1920,1080,person,1411,386,1493,496
frame7000.jpg,1920,1080,person,1533,520,1594,672
frame3500.jpg,1920,1080,person,291,457,351,651
frame3500.jpg,1920,1080,person,542,483,615,670
frame3500.jpg,1920,1080,person,646,437,730,614
frame3500.jpg,1920,1080,person,697,668,782,882
frame3500.jpg,1920,1080,ball,629,585,652,604
frame3500.jpg,1920,1080,person,1126,428,1197,611
frame3500.jpg,1920,1080,person,1277,522,1362,655
frame3500.jpg,1920,1080,person,1411,609,1558,763
scene02981.png,1920,1090,ball,582,157,601,174
scene02981.png,1920,1090,person,673,465,744,602
scene02981.png,1920,1090,person,844,446,907,588
scene02981.png,1920,1090,person,978,422,1044,511
scene02981.png,1920,1090,person,968,483,1029,640
scene02981.png,1920,1090,person,1134,428,1192,578
scene02981.png,1920,1090,person,631,730,712,926
scene02981.png,1920,1090,person,819,772,895,987
scene02981.png,1920,1090,person,889,674,953,859
scene02981.png,1920,1090,person,1338,620,1403,807
scene02981.png,1920,1090,person,1479,439,1529,610
scene02981.png,1920,1090,person,1453,916,1523,1090
scene02981.png,1920,1090,person,1500,833,1571,1057
scene02981.png,1920,1090,person,1722,762,1809,981
scene03321.png,1920,1090,person,171,617,293,917
scene03321.png,1920,1090,person,318,587,401,856
scene03321.png,1920,1090,person,483,609,593,895
scene03321.png,1920,1090,person,614,719,836,1087
scene03321.png,1920,1090,person,805,609,897,864
scene03321.png,1920,1090,person,836,687,1071,1085
scene03321.png,1920,1090,person,1012,623,1173,779
scene03321.png,1920,1090,person,1048,723,1234,1074
scene03321.png,1920,1090,person,1332,679,1512,1021
scene03321.png,1920,1090,ball,756,389,791,428
100.jpg,1280,720,person,2,184,32,261
100.jpg,1280,720,person,73,100,105,170
100.jpg,1280,720,person,246,15,273,69
100.jpg,1280,720,person,311,131,338,198
100.jpg,1280,720,person,367,465,399,554
100.jpg,1280,720,person,481,315,509,375
100.jpg,1280,720,person,388,136,410,195
100.jpg,1280,720,person,513,181,531,245
100.jpg,1280,720,person,507,55,531,101
100.jpg,1280,720,person,535,73,559,129
100.jpg,1280,720,person,686,15,711,62
100.jpg,1280,720,person,793,259,821,330
100.jpg,1280,720,person,880,218,911,284
100.jpg,1280,720,person,952,77,971,131
100.jpg,1280,720,person,1191,20,1221,83
100.jpg,1280,720,ball,780,15,791,27
scene15541.png,1920,1090,ball,1089,405,1136,448
scene15541.png,1920,1090,ball,1703,685,1748,736
scene15541.png,1920,1090,person,203,313,381,740
4920.jpg,1920,1080,person,368,785,424,897
4920.jpg,1920,1080,person,768,665,847,781
4920.jpg,1920,1080,person,811,499,882,614
4920.jpg,1920,1080,ball,527,803,549,819
4920.jpg,1920,1080,person,796,344,856,436
4920.jpg,1920,1080,person,1002,220,1052,295
4920.jpg,1920,1080,person,998,495,1062,591
4920.jpg,1920,1080,person,1071,731,1120,863
4920.jpg,1920,1080,person,1114,803,1165,930
4920.jpg,1920,1080,person,1138,732,1182,864
4920.jpg,1920,1080,person,1195,641,1251,762
4920.jpg,1920,1080,person,1561,400,1613,486
4920.jpg,1920,1080,person,1691,237,1740,317
5380.jpg,1920,1080,person,97,667,146,845
5380.jpg,1920,1080,person,141,683,226,857
5380.jpg,1920,1080,person,360,441,419,592
5380.jpg,1920,1080,person,1229,474,1315,636
5380.jpg,1920,1080,person,1343,343,1382,492
5380.jpg,1920,1080,person,1419,389,1488,540
5380.jpg,1920,1080,person,1384,473,1441,643
5380.jpg,1920,1080,person,1437,678,1479,859
5380.jpg,1920,1080,person,1514,634,1569,826
5380.jpg,1920,1080,person,1526,806,1644,992
5380.jpg,1920,1080,ball,1550,528,1570,546
300.jpg,1280,720,person,77,81,99,147
300.jpg,1280,720,person,111,105,141,159
300.jpg,1280,720,person,48,319,75,384
300.jpg,1280,720,person,324,180,360,254
300.jpg,1280,720,person,342,102,370,173
300.jpg,1280,720,person,410,11,432,63
300.jpg,1280,720,person,381,279,439,345
300.jpg,1280,720,person,477,427,505,508
300.jpg,1280,720,person,513,216,542,286
300.jpg,1280,720,person,691,47,717,106
300.jpg,1280,720,person,773,172,803,245
300.jpg,1280,720,person,1070,15,1099,75
300.jpg,1280,720,ball,1263,416,1279,435
scene19421.png,1920,1090,ball,967,483,1112,617
scene19421.png,1920,1090,person,254,140,1042,1030
scene09801.png,1920,1090,person,716,381,1029,1090
scene09801.png,1920,1090,person,1016,419,1291,877
scene09801.png,1920,1090,person,1171,277,1414,1021
scene09801.png,1920,1090,person,1797,250,1920,958
scene09801.png,1920,1090,ball,1403,683,1456,766
scene09801.png,1920,1090,ball,371,466,428,521
260.jpg,1280,720,person,50,245,91,330
260.jpg,1280,720,person,68,119,98,181
260.jpg,1280,720,person,186,65,214,118
260.jpg,1280,720,person,192,204,224,272
260.jpg,1280,720,person,238,318,273,388
260.jpg,1280,720,person,314,445,356,529
260.jpg,1280,720,person,252,87,284,143
260.jpg,1280,720,person,357,204,389,259
260.jpg,1280,720,person,536,105,570,169
260.jpg,1280,720,person,650,16,675,73
260.jpg,1280,720,person,628,222,648,297
260.jpg,1280,720,person,682,227,713,297
260.jpg,1280,720,person,899,219,930,288
260.jpg,1280,720,person,902,72,938,123
260.jpg,1280,720,person,943,23,971,80
260.jpg,1280,720,ball,1248,317,1268,337
4840.jpg,1920,1080,person,346,777,424,906
4840.jpg,1920,1080,person,358,595,416,703
4840.jpg,1920,1080,person,496,136,529,206
4840.jpg,1920,1080,person,533,222,574,307
4840.jpg,1920,1080,person,707,447,758,535
4840.jpg,1920,1080,person,873,495,939,595
4840.jpg,1920,1080,person,1130,168,1162,241
4840.jpg,1920,1080,person,1273,300,1315,386
4840.jpg,1920,1080,person,1062,790,1137,903
4840.jpg,1920,1080,person,1225,603,1301,713
4840.jpg,1920,1080,person,1206,495,1272,598
4840.jpg,1920,1080,person,1332,863,1409,989
4840.jpg,1920,1080,ball,1114,686,1130,700
4840.jpg,1920,1080,person,1710,491,1760,603
scene15421.png,1920,1090,ball,1277,607,1359,693
scene15421.png,1920,1090,person,1271,74,1601,791
scene19541.png,1920,1090,person,736,530,972,1090
scene19541.png,1920,1090,person,1195,526,1914,1046
scene19541.png,1920,1090,ball,856,330,959,432
scene21021.png,1920,1090,ball,1112,442,1293,589
scene21021.png,1920,1090,person,848,181,1642,1085
scene21021.png,1920,1090,person,1,1,730,432
scene03041.png,1920,1090,person,671,442,714,611
scene03041.png,1920,1090,person,805,396,852,547
scene03041.png,1920,1090,person,1026,472,1064,634
scene03041.png,1920,1090,person,1050,386,1104,546
scene03041.png,1920,1090,person,1129,406,1183,558
scene03041.png,1920,1090,person,808,696,869,891
scene03041.png,1920,1090,person,941,733,1007,948
scene03041.png,1920,1090,person,1024,651,1084,837
scene03041.png,1920,1090,person,1477,589,1546,794
scene03041.png,1920,1090,person,1598,423,1675,614
scene03041.png,1920,1090,person,1628,834,1680,1071
scene03041.png,1920,1090,person,1584,932,1662,1090
scene01681.png,1920,1090,person,1275,344,1571,903
scene01681.png,1920,1090,ball,840,428,938,519
scene04061.png,1920,1090,ball,922,657,957,692
scene04061.png,1920,1090,person,205,572,325,857
scene04061.png,1920,1090,person,750,623,883,843
scene04061.png,1920,1090,person,1021,397,1203,933
scene04061.png,1920,1090,person,1427,535,1612,857
2940.jpg,1920,1080,person,632,611,694,818
2940.jpg,1920,1080,person,673,740,919,797
2940.jpg,1920,1080,person,1090,557,1196,715
2940.jpg,1920,1080,person,1115,590,1278,684
2940.jpg,1920,1080,person,1161,476,1269,588
2940.jpg,1920,1080,person,1223,399,1317,534
2940.jpg,1920,1080,person,1351,424,1423,593
2940.jpg,1920,1080,person,1323,720,1396,920
2940.jpg,1920,1080,person,1648,315,1730,459
2940.jpg,1920,1080,person,1761,647,1826,903
2940.jpg,1920,1080,ball,1030,537,1056,562
scene03281.png,1920,1090,person,142,638,289,1023
scene03281.png,1920,1090,person,1028,628,1153,1090
scene03281.png,1920,1090,person,1148,611,1259,995
scene03281.png,1920,1090,person,1324,801,1594,1090
scene03281.png,1920,1090,person,1420,621,1563,842
scene03281.png,1920,1090,person,1610,791,1852,1090
scene03281.png,1920,1090,ball,973,281,1038,340
scene02941.png,1920,1090,person,464,617,520,764
scene02941.png,1920,1090,person,634,645,690,810
scene02941.png,1920,1090,person,706,571,762,716
scene02941.png,1920,1090,person,692,382,748,465
scene02941.png,1920,1090,person,746,399,780,519
scene02941.png,1920,1090,person,853,391,892,498
scene02941.png,1920,1090,person,891,384,932,494
scene02941.png,1920,1090,person,969,384,1017,487
scene02941.png,1920,1090,person,1095,385,1143,497
scene02941.png,1920,1090,person,987,509,1029,654
scene02941.png,1920,1090,person,1071,660,1119,818
scene02941.png,1920,1090,person,1116,708,1161,870
scene02941.png,1920,1090,person,1220,606,1282,763
scene02941.png,1920,1090,ball,856,387,870,403
scene02941.png,1920,1090,person,1534,430,1567,546
scene02941.png,1920,1090,person,1715,690,1779,883
frame5600.jpg,1920,1080,person,25,645,93,716
frame5600.jpg,1920,1080,person,273,381,318,438
frame5600.jpg,1920,1080,person,279,813,340,881
frame5600.jpg,1920,1080,person,409,848,460,951
frame5600.jpg,1920,1080,person,1134,422,1167,499
frame5600.jpg,1920,1080,person,1160,535,1208,610
frame5600.jpg,1920,1080,person,1254,233,1282,283
frame5600.jpg,1920,1080,person,1041,688,1087,787
frame5600.jpg,1920,1080,person,1242,797,1283,888
frame5600.jpg,1920,1080,ball,991,491,1003,504
frame5600.jpg,1920,1080,person,1222,1014,1266,1076
frame5600.jpg,1920,1080,person,1328,1029,1377,1080
frame5600.jpg,1920,1080,person,1545,978,1607,1077
frame5600.jpg,1920,1080,person,1576,890,1628,975
frame5600.jpg,1920,1080,person,1621,794,1715,878
frame5600.jpg,1920,1080,person,1748,833,1808,938
scene09141.png,1920,1090,ball,1144,509,1334,691
5140.jpg,1920,1080,person,447,569,494,721
5140.jpg,1920,1080,person,478,549,560,686
5140.jpg,1920,1080,person,792,628,855,719
5140.jpg,1920,1080,ball,1041,533,1063,553
5140.jpg,1920,1080,person,1120,426,1180,601
5140.jpg,1920,1080,person,1159,395,1239,535
5140.jpg,1920,1080,person,1425,411,1538,556
5140.jpg,1920,1080,person,1307,831,1388,1045
5140.jpg,1920,1080,person,1572,743,1668,945
5140.jpg,1920,1080,person,1655,606,1747,772
frame13700.jpg,1920,1080,person,408,669,469,797
frame13700.jpg,1920,1080,ball,461,701,476,719
frame13700.jpg,1920,1080,person,646,326,717,419
frame13700.jpg,1920,1080,person,726,658,797,791
frame13700.jpg,1920,1080,person,803,529,888,648
frame13700.jpg,1920,1080,person,1059,428,1117,546
frame13700.jpg,1920,1080,person,1363,376,1411,487
frame13700.jpg,1920,1080,person,1435,413,1509,531
frame13700.jpg,1920,1080,person,1874,410,1920,509
scene10821.png,1920,1090,person,1142,219,1818,1028
scene10821.png,1920,1090,ball,830,389,963,526
scene04101.png,1920,1090,person,4,299,103,934
scene04101.png,1920,1090,person,369,458,499,824
scene04101.png,1920,1090,person,419,468,579,833
scene04101.png,1920,1090,ball,756,710,798,753
scene04101.png,1920,1090,person,986,643,1319,785
scene04101.png,1920,1090,person,1402,275,1631,930
2820.jpg,1920,1080,person,432,386,476,505
2820.jpg,1920,1080,person,755,605,830,774
2820.jpg,1920,1080,person,873,588,1003,743
2820.jpg,1920,1080,person,913,518,1011,678
2820.jpg,1920,1080,person,1036,443,1123,593
2820.jpg,1920,1080,person,1188,465,1292,615
2820.jpg,1920,1080,person,1176,649,1248,822
2820.jpg,1920,1080,person,1040,774,1140,970
2820.jpg,1920,1080,person,1551,540,1619,693
2820.jpg,1920,1080,person,1457,353,1571,476
2820.jpg,1920,1080,person,1511,338,1611,480
2820.jpg,1920,1080,person,1586,249,1651,382
2820.jpg,1920,1080,ball,577,713,599,733
2820.jpg,1920,1080,person,1538,978,1620,1080
frame9200.jpg,1920,1080,person,1250,484,1826,1041
frame9200.jpg,1920,1080,person,171,449,1114,1080
frame9200.jpg,1920,1080,ball,844,239,981,402
frame900.jpg,1920,1080,person,334,668,588,1076
frame900.jpg,1920,1080,person,126,607,376,1080
frame900.jpg,1920,1080,person,5,605,178,1078
frame900.jpg,1920,1080,person,1101,582,1425,1080
frame900.jpg,1920,1080,ball,742,265,815,345
5540.jpg,1920,1080,person,273,1,888,838
5540.jpg,1920,1080,person,815,111,1105,845
5540.jpg,1920,1080,ball,1338,818,1457,943
frame11700.jpg,1920,1080,person,218,108,485,1055
frame11700.jpg,1920,1080,person,381,259,1107,1074
frame11700.jpg,1920,1080,person,548,206,934,1018
frame11700.jpg,1920,1080,person,1310,8,1786,1080
frame11700.jpg,1920,1080,ball,1214,357,1318,463
scene09781.png,1920,1090,ball,356,456,424,528
scene09781.png,1920,1090,ball,1077,850,1146,932
scene09781.png,1920,1090,person,1346,254,1669,1003
scene09781.png,1920,1090,person,1020,415,1367,938
scene09781.png,1920,1090,person,822,350,1136,1087
frame3300.jpg,1920,1080,person,421,558,482,691
frame3300.jpg,1920,1080,person,601,532,672,651
frame3300.jpg,1920,1080,person,645,573,716,684
frame3300.jpg,1920,1080,person,984,440,1067,545
frame3300.jpg,1920,1080,ball,772,670,791,684
frame3300.jpg,1920,1080,person,1047,829,1106,1011
frame3300.jpg,1920,1080,person,1378,459,1469,575
scene00821.png,1920,1090,person,122,215,456,889
scene00821.png,1920,1090,person,681,238,942,852
scene00821.png,1920,1090,person,795,485,1338,881
scene00821.png,1920,1090,ball,652,64,750,160
scene01281.png,1920,1090,person,473,168,1025,1090
scene01281.png,1920,1090,ball,1638,174,1781,305
scene03441.png,1920,1090,person,216,385,510,954
scene03441.png,1920,1090,person,514,477,726,917
scene03441.png,1920,1090,person,775,660,985,1019
scene10401.png,1920,1090,ball,1114,626,1156,672
scene10401.png,1920,1090,person,736,338,961,783
scene10401.png,1920,1090,person,210,297,495,787
2600.jpg,1920,1080,person,116,336,178,440
2600.jpg,1920,1080,person,670,484,735,581
2600.jpg,1920,1080,person,822,359,880,470
2600.jpg,1920,1080,person,959,373,1021,453
2600.jpg,1920,1080,person,648,626,718,759
2600.jpg,1920,1080,person,740,558,804,666
2600.jpg,1920,1080,person,803,629,853,745
2600.jpg,1920,1080,person,744,787,833,933
2600.jpg,1920,1080,person,1146,534,1204,647
2600.jpg,1920,1080,ball,863,717,879,734
2600.jpg,1920,1080,person,1245,790,1314,933
2600.jpg,1920,1080,person,1355,290,1398,385
2600.jpg,1920,1080,person,1462,404,1520,507
2600.jpg,1920,1080,person,1610,489,1650,610
2600.jpg,1920,1080,person,1697,270,1735,366
2600.jpg,1920,1080,person,1819,359,1871,461
frame4900.jpg,1920,1080,person,584,272,628,334
frame4900.jpg,1920,1080,person,661,266,726,334
frame4900.jpg,1920,1080,person,706,346,744,435
frame4900.jpg,1920,1080,person,644,580,722,688
frame4900.jpg,1920,1080,person,1133,747,1208,862
frame4900.jpg,1920,1080,person,1260,539,1351,644
frame4900.jpg,1920,1080,person,1212,196,1260,261
frame4900.jpg,1920,1080,person,1308,292,1338,361
frame4900.jpg,1920,1080,person,1327,352,1383,433
frame4900.jpg,1920,1080,person,1486,348,1548,432
frame4900.jpg,1920,1080,ball,1251,427,1261,437
frame4900.jpg,1920,1080,person,1580,491,1660,577
frame4900.jpg,1920,1080,person,1750,366,1814,461
5580.jpg,1920,1080,person,317,109,909,738
5580.jpg,1920,1080,person,461,257,880,807
5580.jpg,1920,1080,person,598,376,1373,882
5580.jpg,1920,1080,ball,836,832,934,922
scene17581.png,1920,1090,person,446,632,718,1090
scene17581.png,1920,1090,person,648,450,871,1083
scene17581.png,1920,1090,person,916,652,1280,1090
scene17581.png,1920,1090,ball,1101,272,1201,364
frame3100.jpg,1920,1080,ball,505,706,520,719
frame3100.jpg,1920,1080,person,538,717,584,812
frame3100.jpg,1920,1080,person,608,647,662,742
frame3100.jpg,1920,1080,person,788,809,856,929
frame3100.jpg,1920,1080,person,980,373,1036,443
frame3100.jpg,1920,1080,person,1063,340,1106,402
frame3100.jpg,1920,1080,person,1425,302,1472,367
frame3100.jpg,1920,1080,person,1393,564,1449,655
frame3100.jpg,1920,1080,person,1550,651,1602,743
frame3100.jpg,1920,1080,person,1647,423,1689,504
frame3100.jpg,1920,1080,person,1848,530,1914,623
2760.jpg,1920,1080,person,403,409,459,509
2760.jpg,1920,1080,person,792,599,839,718
2760.jpg,1920,1080,person,811,520,862,611
2760.jpg,1920,1080,person,1041,568,1106,680
2760.jpg,1920,1080,person,1101,513,1160,626
2760.jpg,1920,1080,person,1240,611,1299,733
2760.jpg,1920,1080,ball,1238,710,1254,729
2760.jpg,1920,1080,ball,1305,517,1388,636
2760.jpg,1920,1080,ball,1387,377,1422,478
2760.jpg,1920,1080,person,1200,933,1261,1080
2760.jpg,1920,1080,person,1254,836,1357,978
2760.jpg,1920,1080,person,1454,531,1519,645
2760.jpg,1920,1080,person,1591,478,1632,595
2760.jpg,1920,1080,person,1597,456,1666,544
2760.jpg,1920,1080,person,1709,429,1754,541
2760.jpg,1920,1080,person,1461,304,1512,407
frame8900.jpg,1920,1080,person,267,161,694,1080
frame8900.jpg,1920,1080,person,736,161,1456,1080
frame8900.jpg,1920,1080,ball,973,541,1122,684
frame13100.jpg,1920,1080,person,61,190,456,1072
frame13100.jpg,1920,1080,person,448,141,765,1016
frame13100.jpg,1920,1080,person,828,129,1052,1010
frame13100.jpg,1920,1080,person,589,435,767,716
frame13100.jpg,1920,1080,ball,1187,855,1275,939
frame5000.jpg,1920,1080,person,803,523,852,631
frame5000.jpg,1920,1080,person,905,358,954,443
frame5000.jpg,1920,1080,person,973,379,1050,478
frame5000.jpg,1920,1080,person,1068,799,1167,919
frame5000.jpg,1920,1080,person,1211,533,1296,639
frame5000.jpg,1920,1080,person,1411,389,1455,474
frame5000.jpg,1920,1080,person,1484,223,1527,306
frame5000.jpg,1920,1080,person,1534,396,1621,488
frame5000.jpg,1920,1080,person,1595,352,1651,446
frame5000.jpg,1920,1080,person,1613,419,1664,525
frame5000.jpg,1920,1080,ball,1256,404,1267,415
frame5000.jpg,1920,1080,person,1820,554,1877,665
scene12361.png,1920,1090,ball,1428,248,1493,313
scene12361.png,1920,1090,person,1391,636,1627,1090
scene12361.png,1920,1090,person,1059,595,1271,1090
scene12361.png,1920,1090,person,865,448,1123,1090
scene12361.png,1920,1090,person,448,740,686,1090
scene12361.png,1920,1090,person,287,552,479,1090
scene09741.png,1920,1090,person,1673,246,1916,1007
scene09741.png,1920,1090,person,1005,358,1339,1090
scene09741.png,1920,1090,person,995,360,1073,483
scene09741.png,1920,1090,person,769,283,1012,999
scene09741.png,1920,1090,ball,993,905,1036,993
frame9000.jpg,1920,1080,ball,103,906,259,1065
frame9000.jpg,1920,1080,person,675,10,1422,1078
5620.jpg,1920,1080,person,198,540,484,753
5620.jpg,1920,1080,person,526,232,1042,709
5620.jpg,1920,1080,person,615,95,928,659
5620.jpg,1920,1080,ball,609,788,701,878
scene17621.png,1920,1090,person,281,348,622,562
scene17621.png,1920,1090,person,20,374,283,1077
scene17621.png,1920,1090,ball,840,334,956,438
scene17621.png,1920,1090,person,1403,19,1920,1087
frame2400.jpg,1920,1080,person,51,430,684,1018
frame2400.jpg,1920,1080,person,690,253,1013,895
frame2400.jpg,1920,1080,person,951,282,1338,815
frame2400.jpg,1920,1080,ball,1226,443,1319,534
frame2400.jpg,1920,1080,person,1365,176,1709,982
frame2400.jpg,1920,1080,person,1532,224,1917,1080
frame2400.jpg,1920,1080,person,1717,20,1920,1080
frame700.jpg,1920,1080,person,530,401,948,847
frame700.jpg,1920,1080,person,663,399,732,472
frame700.jpg,1920,1080,person,846,395,998,734
frame700.jpg,1920,1080,person,1038,374,1169,645
frame700.jpg,1920,1080,person,1146,303,1263,838
frame700.jpg,1920,1080,person,1309,355,1471,603
frame700.jpg,1920,1080,person,1492,353,1584,586
frame700.jpg,1920,1080,person,1574,360,1640,573
frame700.jpg,1920,1080,person,1609,365,1676,576
frame700.jpg,1920,1080,person,1674,349,1757,569
frame700.jpg,1920,1080,person,1758,347,1874,628
frame700.jpg,1920,1080,person,1813,345,1871,434
frame700.jpg,1920,1080,person,1844,338,1920,574
frame700.jpg,1920,1080,ball,989,788,1050,851
scene10341.png,1920,1090,person,3,338,177,915
scene10341.png,1920,1090,person,259,346,446,801
scene10341.png,1920,1090,person,452,348,589,791
scene10341.png,1920,1090,person,659,397,907,850
scene10341.png,1920,1090,person,885,328,983,479
scene10341.png,1920,1090,person,918,421,1067,942
scene10341.png,1920,1090,person,1032,409,1207,964
scene10341.png,1920,1090,person,1538,460,1805,895
scene10341.png,1920,1090,ball,1216,777,1273,834
scene03261.png,1920,1090,person,203,546,418,1026
scene03261.png,1920,1090,person,622,519,801,989
scene03261.png,1920,1090,person,1679,513,1849,1090
scene03261.png,1920,1090,person,1803,428,1920,800
scene03261.png,1920,1090,ball,1144,177,1216,252
scene15601.png,1920,1090,person,1069,72,1297,656
scene15601.png,1920,1090,ball,1348,552,1410,617
scene04081.png,1920,1090,person,1723,491,1891,865
scene04081.png,1920,1090,person,1274,368,1474,948
scene04081.png,1920,1090,person,900,644,1189,849
scene04081.png,1920,1090,ball,819,767,856,804
scene04081.png,1920,1090,person,377,528,503,863
scene04081.png,1920,1090,person,2,385,93,961
scene01661.png,1920,1090,ball,705,215,799,311
scene01661.png,1920,1090,person,938,399,1167,926
scene04241.png,1920,1090,person,238,5,646,1090
scene04241.png,1920,1090,person,630,528,889,921
scene04241.png,1920,1090,person,930,336,1287,909
scene04241.png,1920,1090,person,1822,483,1920,920
scene04241.png,1920,1090,ball,1695,670,1777,750
5360.jpg,1920,1080,person,133,682,190,865
5360.jpg,1920,1080,person,198,656,296,825
5360.jpg,1920,1080,person,351,463,418,608
5360.jpg,1920,1080,person,1318,352,1363,495
5360.jpg,1920,1080,person,1371,413,1417,505
5360.jpg,1920,1080,person,1340,466,1390,530
5360.jpg,1920,1080,person,1373,494,1429,663
5360.jpg,1920,1080,person,1394,702,1454,885
5360.jpg,1920,1080,person,1515,656,1594,842
5360.jpg,1920,1080,ball,1554,542,1569,558
5360.jpg,1920,1080,person,1694,805,1813,1013
scene00621.png,1920,1090,person,169,203,624,960
scene00621.png,1920,1090,person,644,52,987,1072
scene00621.png,1920,1090,person,989,272,1291,911
scene00621.png,1920,1090,person,1095,30,1399,891
scene00621.png,1920,1090,ball,875,846,959,954
scene04321.png,1920,1090,person,322,528,789,905
scene04321.png,1920,1090,person,826,3,1391,1085
scene04321.png,1920,1090,person,1287,101,1646,905
20.jpg,1280,720,player,28,112,53,184
20.jpg,1280,720,person,138,25,163,91
20.jpg,1280,720,person,235,169,255,250
20.jpg,1280,720,person,348,236,374,313
20.jpg,1280,720,person,368,87,391,158
20.jpg,1280,720,person,610,27,630,90
20.jpg,1280,720,person,646,61,664,120
20.jpg,1280,720,person,428,477,456,575
20.jpg,1280,720,person,614,323,643,408
20.jpg,1280,720,person,616,165,667,236
20.jpg,1280,720,person,673,333,699,405
20.jpg,1280,720,person,1027,216,1052,293
20.jpg,1280,720,person,998,136,1024,202
20.jpg,1280,720,person,1189,22,1211,94
20.jpg,1280,720,ball,683,216,696,225
2800.jpg,1920,1080,person,414,371,493,485
2800.jpg,1920,1080,ball,732,703,760,725
2800.jpg,1920,1080,person,1001,470,1054,556
2800.jpg,1920,1080,person,1036,519,1165,655
2800.jpg,1920,1080,person,998,580,1083,702
2800.jpg,1920,1080,person,966,605,1026,753
2800.jpg,1920,1080,person,987,642,1036,805
2800.jpg,1920,1080,person,1267,472,1329,627
2800.jpg,1920,1080,person,1130,792,1223,985
2800.jpg,1920,1080,person,1409,967,1496,1080
2800.jpg,1920,1080,person,1545,517,1624,679
2800.jpg,1920,1080,person,1568,374,1635,492
2800.jpg,1920,1080,person,1534,338,1576,409
2800.jpg,1920,1080,person,1568,242,1632,371
2800.jpg,1920,1080,person,1824,434,1896,589
scene04121.png,1920,1090,person,1,189,97,926
scene04121.png,1920,1090,person,352,421,540,803
scene04121.png,1920,1090,person,456,421,638,807
scene04121.png,1920,1090,person,1012,681,1379,799
scene04121.png,1920,1090,person,1561,166,1812,919
scene04121.png,1920,1090,ball,681,562,734,616
5160.jpg,1920,1080,person,454,559,498,708
5160.jpg,1920,1080,person,493,551,529,742
5160.jpg,1920,1080,person,943,620,1073,776
5160.jpg,1920,1080,ball,986,469,1010,492
5160.jpg,1920,1080,person,1161,384,1257,551
5160.jpg,1920,1080,person,1257,401,1315,572
5160.jpg,1920,1080,person,1492,422,1559,580
5160.jpg,1920,1080,person,1382,884,1484,1080
5160.jpg,1920,1080,person,1748,786,1840,1005
5160.jpg,1920,1080,person,1782,613,1873,793
scene10801.png,1920,1090,ball,950,405,1085,528
scene10801.png,1920,1090,person,1005,464,1718,1090
scene01501.png,1920,1090,person,930,177,1352,1001
scene01501.png,1920,1090,person,1371,150,1695,932
scene01501.png,1920,1090,person,1846,387,1920,701
scene01501.png,1920,1090,ball,1179,307,1281,409
scene02961.png,1920,1090,person,495,678,559,859
scene02961.png,1920,1090,person,683,717,743,906
scene02961.png,1920,1090,person,748,618,806,796
scene02961.png,1920,1090,person,669,428,733,573
scene02961.png,1920,1090,person,769,418,852,512
scene02961.png,1920,1090,person,841,385,884,518
scene02961.png,1920,1090,person,856,453,899,589
scene02961.png,1920,1090,person,1000,402,1057,540
scene02961.png,1920,1090,person,1112,571,1171,742
scene02961.png,1920,1090,person,1259,416,1299,559
scene02961.png,1920,1090,person,1232,830,1324,1032
scene02961.png,1920,1090,person,1233,747,1309,858
scene02961.png,1920,1090,person,1432,685,1493,880
scene02961.png,1920,1090,person,1791,466,1834,615
scene10381.png,1920,1090,person,48,338,332,826
scene10381.png,1920,1090,person,3,264,101,446
scene10381.png,1920,1090,person,481,317,671,760
scene10381.png,1920,1090,person,1036,321,1169,748
scene10381.png,1920,1090,ball,969,626,1018,674
scene01461.png,1920,1090,ball,1365,797,1471,903
scene01461.png,1920,1090,person,1434,368,1563,709
scene01461.png,1920,1090,person,1214,150,1397,956
scene16121.png,1920,1090,ball,1530,934,1685,1083
scene16121.png,1920,1090,person,1467,83,1646,687
scene16121.png,1920,1090,person,875,72,1222,936
scene16121.png,1920,1090,person,581,5,899,981
scene12421.png,1920,1090,person,569,519,812,950
scene12421.png,1920,1090,person,687,266,987,868
scene12421.png,1920,1090,person,1156,364,1303,1021
scene12421.png,1920,1090,person,1340,574,1634,987
scene12421.png,1920,1090,person,1795,352,1920,1020
scene12421.png,1920,1090,ball,867,260,924,323
scene12421.png,1920,1090,ball,1089,619,1161,666
scene02801.png,1920,1090,person,579,197,724,703
scene02801.png,1920,1090,person,805,252,869,466
scene02801.png,1920,1090,person,940,250,1014,477
scene02801.png,1920,1090,person,1373,191,1650,926
scene02801.png,1920,1090,ball,730,701,799,766
2960.jpg,1920,1080,person,400,630,489,873
2960.jpg,1920,1080,person,492,786,804,852
2960.jpg,1920,1080,person,1011,529,1155,753
2960.jpg,1920,1080,person,1018,599,1237,716
2960.jpg,1920,1080,person,1133,418,1225,572
2960.jpg,1920,1080,person,1231,382,1325,531
2960.jpg,1920,1080,person,1321,391,1370,612
2960.jpg,1920,1080,person,1303,703,1406,959
2960.jpg,1920,1080,ball,987,568,1014,593
2960.jpg,1920,1080,person,1540,296,1640,479
2960.jpg,1920,1080,person,1806,719,1895,972
frame8700.jpg,1920,1080,person,1191,300,1442,745
frame8700.jpg,1920,1080,person,1342,294,1697,798
frame8700.jpg,1920,1080,ball,897,678,961,737
scene03921.png,1920,1090,person,879,123,1663,993
scene03921.png,1920,1090,ball,1203,860,1320,964
scene03061.png,1920,1090,person,667,442,720,619
scene03061.png,1920,1090,person,807,385,877,542
scene03061.png,1920,1090,person,1034,395,1073,562
scene03061.png,1920,1090,person,1103,401,1148,562
scene03061.png,1920,1090,person,1014,464,1042,640
scene03061.png,1920,1090,person,805,689,867,885
scene03061.png,1920,1090,person,971,726,1046,942
scene03061.png,1920,1090,person,1044,638,1138,840
scene03061.png,1920,1090,person,1481,580,1558,783
scene03061.png,1920,1090,person,1605,440,1681,621
scene03061.png,1920,1090,person,1598,920,1693,1047
scene03061.png,1920,1090,person,1546,842,1676,959
scene00781.png,1920,1090,person,1,162,212,864
scene00781.png,1920,1090,person,246,99,514,799
scene00781.png,1920,1090,person,607,205,963,923
scene00781.png,1920,1090,person,852,238,1199,887
scene00781.png,1920,1090,person,1448,383,1920,1049
scene00781.png,1920,1090,ball,1277,289,1385,393
scene04281.png,1920,1090,person,342,254,812,877
scene04281.png,1920,1090,person,1120,468,1526,883
scene21001.png,1920,1090,person,1,109,367,595
scene21001.png,1920,1090,person,865,199,1516,1090
scene21001.png,1920,1090,ball,1177,348,1352,505
scene19561.png,1920,1090,ball,930,472,1036,579
scene19561.png,1920,1090,person,1014,528,1277,1090
4860.jpg,1920,1080,person,416,762,487,878
4860.jpg,1920,1080,person,495,579,549,691
4860.jpg,1920,1080,person,773,463,831,550
4860.jpg,1920,1080,person,646,251,686,327
4860.jpg,1920,1080,person,662,163,694,226
4860.jpg,1920,1080,person,931,488,978,582
4860.jpg,1920,1080,person,1259,181,1290,258
4860.jpg,1920,1080,person,1049,751,1117,867
4860.jpg,1920,1080,person,1250,812,1337,933
4860.jpg,1920,1080,person,1177,619,1259,717
4860.jpg,1920,1080,person,1220,524,1280,615
4860.jpg,1920,1080,person,1349,323,1394,404
4860.jpg,1920,1080,ball,1082,703,1096,718
4860.jpg,1920,1080,person,1830,507,1863,613
240.jpg,1280,720,person,57,218,81,287
240.jpg,1280,720,person,89,105,124,166
240.jpg,1280,720,person,214,47,242,106
240.jpg,1280,720,person,259,68,282,127
240.jpg,1280,720,person,218,173,248,236
240.jpg,1280,720,person,243,280,280,359
240.jpg,1280,720,person,292,394,318,469
240.jpg,1280,720,person,382,156,411,218
240.jpg,1280,720,person,635,4,663,56
240.jpg,1280,720,person,609,84,636,143
240.jpg,1280,720,person,635,184,661,243
240.jpg,1280,720,person,688,204,713,262
240.jpg,1280,720,person,868,188,899,254
240.jpg,1280,720,person,899,61,930,111
240.jpg,1280,720,person,959,12,986,75
240.jpg,1280,720,ball,1050,108,1064,120
scene09821.png,1920,1090,ball,273,511,348,574
scene09821.png,1920,1090,ball,1552,607,1601,697
scene09821.png,1920,1090,person,1544,344,1848,1030
scene09821.png,1920,1090,person,1128,554,1485,983
scene09821.png,1920,1090,person,961,291,1187,1040
scene09821.png,1920,1090,person,491,399,783,1090
scene19401.png,1920,1090,person,12,226,263,905
scene19401.png,1920,1090,person,273,99,1291,1062
scene19401.png,1920,1090,person,1707,193,1920,885
scene19401.png,1920,1090,ball,1144,648,1283,787
scene15561.png,1920,1090,ball,550,360,605,401
scene15561.png,1920,1090,ball,1487,638,1532,689
frame2600.jpg,1920,1080,ball,383,863,520,1012
frame2600.jpg,1920,1080,person,1003,688,1105,863
frame2600.jpg,1920,1080,person,1259,567,1440,1018
frame2600.jpg,1920,1080,person,1522,880,1853,1080
frame2600.jpg,1920,1080,person,1681,643,1793,947
frame2600.jpg,1920,1080,person,1789,682,1852,880
frame2600.jpg,1920,1080,person,1891,614,1920,936
frame6300.jpg,1920,1080,person,352,451,638,937
frame6300.jpg,1920,1080,person,736,486,1132,931
frame6300.jpg,1920,1080,person,1705,329,1920,810
frame6300.jpg,1920,1080,ball,426,867,481,923
scene16281.png,1920,1090,ball,1471,934,1651,1090
scene16281.png,1920,1090,person,438,672,973,913
scene16281.png,1920,1090,person,61,387,677,726
scene16281.png,1920,1090,person,299,15,481,479
frame14700.jpg,1920,1080,person,636,480,879,1067
frame14700.jpg,1920,1080,person,1326,351,1920,974
frame14700.jpg,1920,1080,ball,840,267,948,363
frame10200.jpg,1920,1080,person,22,245,367,1061
frame10200.jpg,1920,1080,person,530,376,759,963
frame10200.jpg,1920,1080,person,720,335,1018,974
frame10200.jpg,1920,1080,person,759,227,987,586
frame10200.jpg,1920,1080,person,987,335,1316,961
frame10200.jpg,1920,1080,person,1048,98,1234,878
frame10200.jpg,1920,1080,person,1232,155,1465,898
frame10200.jpg,1920,1080,ball,1287,345,1359,429
4280.jpg,1920,1080,person,288,436,357,565
4280.jpg,1920,1080,person,588,313,632,449
4280.jpg,1920,1080,person,544,547,611,663
4280.jpg,1920,1080,person,565,672,634,774
4280.jpg,1920,1080,person,876,430,934,530
4280.jpg,1920,1080,person,886,620,963,740
4280.jpg,1920,1080,person,1019,755,1115,897
4280.jpg,1920,1080,person,1284,584,1361,722
4280.jpg,1920,1080,person,1690,409,1759,526
4280.jpg,1920,1080,ball,919,845,938,866
scene00801.png,1920,1090,person,24,117,277,791
scene00801.png,1920,1090,person,359,201,746,928
scene00801.png,1920,1090,person,712,244,1050,897
scene00801.png,1920,1090,person,1081,403,1695,1011
scene00801.png,1920,1090,ball,956,130,1063,230
scene12381.png,1920,1090,person,320,379,597,987
scene12381.png,1920,1090,person,724,448,907,1090
scene12381.png,1920,1090,person,906,750,1185,1090
scene12381.png,1920,1090,person,1356,407,1632,1090
scene12381.png,1920,1090,person,1771,542,1920,1061
scene12381.png,1920,1090,ball,1334,219,1412,295
frame10600.jpg,1920,1080,person,761,572,971,1080
frame10600.jpg,1920,1080,ball,1473,396,1595,514
scene01841.png,1920,1090,ball,473,652,575,748
scene10781.png,1920,1090,person,1024,446,1496,1090
scene10781.png,1920,1090,ball,1107,536,1222,646
2780.jpg,1920,1080,person,415,394,498,500
2780.jpg,1920,1080,person,838,620,915,759
2780.jpg,1920,1080,person,905,502,987,631
2780.jpg,1920,1080,ball,960,704,989,721
2780.jpg,1920,1080,person,1026,574,1142,705
2780.jpg,1920,1080,person,1094,512,1190,620
2780.jpg,1920,1080,person,1123,611,1210,739
2780.jpg,1920,1080,person,1279,488,1368,625
2780.jpg,1920,1080,person,1204,812,1287,971
2780.jpg,1920,1080,person,1280,947,1365,1080
2780.jpg,1920,1080,person,1489,520,1555,664
2780.jpg,1920,1080,person,1465,351,1536,473
2780.jpg,1920,1080,person,1497,267,1558,380
2780.jpg,1920,1080,person,1580,406,1679,508
2780.jpg,1920,1080,person,1687,450,1732,589
2780.jpg,1920,1080,person,1819,401,1859,524
scene17561.png,1920,1090,ball,1107,201,1216,307
scene17561.png,1920,1090,person,1105,634,1500,1090
scene17561.png,1920,1090,person,881,366,1124,1085
scene17561.png,1920,1090,person,561,648,863,1090
scene17561.png,1920,1090,person,138,313,543,1090
scene02781.png,1920,1090,person,320,156,499,644
scene02781.png,1920,1090,person,583,215,654,430
scene02781.png,1920,1090,person,705,207,791,428
scene02781.png,1920,1090,person,1140,95,1483,893
scene02781.png,1920,1090,person,1638,121,1920,963
scene02781.png,1920,1090,ball,781,719,871,801
scene17601.png,1920,1090,ball,967,358,1061,452
scene17601.png,1920,1090,person,565,623,816,1081
scene17601.png,1920,1090,person,279,583,534,1090
scene17601.png,1920,1090,person,444,574,926,756
5600.jpg,1920,1080,person,534,128,659,382
5600.jpg,1920,1080,person,538,284,830,659
5600.jpg,1920,1080,person,192,557,778,801
5600.jpg,1920,1080,ball,586,797,676,895
frame3900.jpg,1920,1080,person,114,282,222,588
frame3900.jpg,1920,1080,person,446,247,556,633
frame3900.jpg,1920,1080,person,397,49,1044,963
frame3900.jpg,1920,1080,person,828,114,1226,1031
frame3900.jpg,1920,1080,person,1703,129,1920,804
frame3900.jpg,1920,1080,ball,907,892,1028,1012
scene01261.png,1920,1090,person,707,115,1286,1090
scene01261.png,1920,1090,ball,1654,293,1805,438
scene09761.png,1920,1090,ball,346,458,410,521
scene09761.png,1920,1090,ball,991,921,1026,979
scene09761.png,1920,1090,person,761,299,1022,987
scene09761.png,1920,1090,person,916,358,1195,1090
scene09761.png,1920,1090,person,1061,370,1334,946
scene09761.png,1920,1090,person,1503,266,1810,1034
scene01301.png,1920,1090,person,524,134,1164,1090
scene01301.png,1920,1090,ball,1405,7,1573,119
2740.jpg,1920,1080,person,353,418,417,511
2740.jpg,1920,1080,person,711,535,755,639
2740.jpg,1920,1080,person,743,586,794,690
2740.jpg,1920,1080,person,989,547,1034,653
2740.jpg,1920,1080,person,1048,510,1111,609
2740.jpg,1920,1080,person,1288,385,1331,482
2740.jpg,1920,1080,person,1427,328,1479,424
2740.jpg,1920,1080,person,1283,523,1355,618
2740.jpg,1920,1080,person,1395,535,1455,633
2740.jpg,1920,1080,person,1491,485,1544,604
2740.jpg,1920,1080,person,1543,487,1617,590
2740.jpg,1920,1080,person,1282,605,1330,719
2740.jpg,1920,1080,ball,1237,694,1254,711
2740.jpg,1920,1080,person,1084,915,1158,1076
2740.jpg,1920,1080,person,1235,840,1312,978
2740.jpg,1920,1080,person,1624,444,1693,549
frame10400.jpg,1920,1080,person,634,341,940,992
frame10400.jpg,1920,1080,person,1056,196,1324,1078
frame10400.jpg,1920,1080,person,1338,404,1665,1080
frame10400.jpg,1920,1080,person,1548,237,1835,1080
frame10400.jpg,1920,1080,ball,418,925,503,1004
frame9800.jpg,1920,1080,person,229,640,293,753
frame9800.jpg,1920,1080,person,352,586,375,693
frame9800.jpg,1920,1080,person,524,675,574,794
frame9800.jpg,1920,1080,person,680,550,701,660
frame9800.jpg,1920,1080,person,705,551,732,655
frame9800.jpg,1920,1080,person,733,537,782,580
frame9800.jpg,1920,1080,person,744,571,783,664
frame9800.jpg,1920,1080,person,821,573,856,680
frame9800.jpg,1920,1080,person,862,578,879,687
frame9800.jpg,1920,1080,person,879,585,899,697
frame9800.jpg,1920,1080,person,899,597,918,700
frame9800.jpg,1920,1080,person,918,589,934,702
frame9800.jpg,1920,1080,person,941,592,954,713
frame9800.jpg,1920,1080,person,955,600,983,721
frame9800.jpg,1920,1080,person,1165,662,1201,776
frame9800.jpg,1920,1080,person,1165,645,1195,677
frame9800.jpg,1920,1080,ball,480,743,496,759
scene02741.png,1920,1090,ball,1165,862,1263,960
scene02741.png,1920,1090,person,1124,115,1467,985
scene02741.png,1920,1090,person,1320,123,1530,548
scene02741.png,1920,1090,person,583,232,673,446
scene02741.png,1920,1090,person,1005,256,1059,387
scene02741.png,1920,1090,person,446,238,518,454
scene02741.png,1920,1090,person,1,193,87,638
2620.jpg,1920,1080,person,125,362,180,459
2620.jpg,1920,1080,person,806,392,867,498
2620.jpg,1920,1080,person,911,399,968,487
2620.jpg,1920,1080,person,756,494,792,600
2620.jpg,1920,1080,person,792,543,826,636
2620.jpg,1920,1080,person,756,601,808,718
2620.jpg,1920,1080,person,892,611,945,722
2620.jpg,1920,1080,person,1102,531,1165,633
2620.jpg,1920,1080,person,722,813,783,949
2620.jpg,1920,1080,person,1122,785,1190,936
2620.jpg,1920,1080,person,1282,308,1341,405
2620.jpg,1920,1080,person,1366,419,1437,529
2620.jpg,1920,1080,person,1538,505,1598,628
2620.jpg,1920,1080,person,1629,286,1669,384
2620.jpg,1920,1080,person,1746,382,1813,486
frame13900.jpg,1920,1080,person,281,480,324,641
frame13900.jpg,1920,1080,person,307,410,359,527
frame13900.jpg,1920,1080,person,399,496,436,653
frame13900.jpg,1920,1080,person,710,908,792,1080
frame13900.jpg,1920,1080,person,661,449,718,561
frame13900.jpg,1920,1080,person,691,451,752,604
frame13900.jpg,1920,1080,person,1152,496,1214,625
frame13900.jpg,1920,1080,person,1246,602,1299,765
frame13900.jpg,1920,1080,person,1393,435,1463,549
frame13900.jpg,1920,1080,person,1869,376,1920,503
frame13900.jpg,1920,1080,ball,1648,473,1666,489
scene04141.png,1920,1090,person,1216,674,1593,815
scene04141.png,1920,1090,person,548,423,830,826
scene04141.png,1920,1090,person,514,372,648,803
scene04141.png,1920,1090,person,12,138,234,952
scene04141.png,1920,1090,ball,724,483,773,542
scene10861.png,1920,1090,person,1214,9,1914,891
scene10861.png,1920,1090,ball,814,513,989,695
scene01561.png,1920,1090,person,5,283,177,854
scene01561.png,1920,1090,person,446,236,1093,1003
scene01561.png,1920,1090,person,1230,281,1552,915
scene01561.png,1920,1090,person,1761,272,1920,896
scene01561.png,1920,1090,ball,1110,258,1193,344
scene09101.png,1920,1090,person,746,611,1075,1090
scene09101.png,1920,1090,ball,1226,509,1350,642
scene02901.png,1920,1090,ball,1017,454,1040,477
scene02901.png,1920,1090,person,325,525,389,651
scene02901.png,1920,1090,person,527,572,577,722
scene02901.png,1920,1090,person,660,478,705,597
scene02901.png,1920,1090,person,619,272,671,362
scene02901.png,1920,1090,person,828,428,882,549
scene02901.png,1920,1090,person,922,336,970,432
scene02901.png,1920,1090,person,974,326,1051,426
scene02901.png,1920,1090,person,1028,316,1080,404
scene02901.png,1920,1090,person,1103,294,1154,383
scene02901.png,1920,1090,person,1141,296,1202,388
scene02901.png,1920,1090,person,902,551,957,687
scene02901.png,1920,1090,person,1012,593,1054,722
scene02901.png,1920,1090,person,1060,510,1132,635
scene02901.png,1920,1090,person,1393,336,1425,435
scene02901.png,1920,1090,person,1558,565,1598,728
scene09061.png,1920,1090,ball,1336,207,1442,303
scene09061.png,1920,1090,person,1403,660,1680,1090
scene09061.png,1920,1090,person,1618,650,1848,1079
scene12441.png,1920,1090,ball,756,270,832,340
scene12441.png,1920,1090,ball,1248,628,1310,679
scene12441.png,1920,1090,person,632,511,1024,997
scene12441.png,1920,1090,person,910,399,1216,917
scene12441.png,1920,1090,person,1287,326,1548,1042
scene12441.png,1920,1090,person,1530,562,1824,1015
scene02861.png,1920,1090,ball,636,781,722,862
scene02861.png,1920,1090,person,52,109,297,713
scene02861.png,1920,1090,person,942,258,1330,905
scene02861.png,1920,1090,person,1379,193,1512,528
scene02861.png,1920,1090,person,1465,101,1920,1069
4140.jpg,1920,1080,person,148,628,208,756
4140.jpg,1920,1080,person,181,449,265,552
4140.jpg,1920,1080,person,654,469,696,575
4140.jpg,1920,1080,person,748,472,800,578
4140.jpg,1920,1080,ball,679,559,692,572
4140.jpg,1920,1080,person,824,436,878,537
4140.jpg,1920,1080,person,952,581,1037,675
4140.jpg,1920,1080,person,1000,481,1059,577
4140.jpg,1920,1080,person,859,839,954,967
2900.jpg,1920,1080,person,438,644,505,780
2900.jpg,1920,1080,person,652,680,830,717
2900.jpg,1920,1080,person,690,615,738,767
2900.jpg,1920,1080,person,876,602,1001,663
2900.jpg,1920,1080,person,997,598,1075,659
2900.jpg,1920,1080,person,1026,550,1119,597
2900.jpg,1920,1080,person,1112,506,1180,566
2900.jpg,1920,1080,person,1212,475,1284,592
2900.jpg,1920,1080,person,1112,737,1175,890
2900.jpg,1920,1080,ball,995,532,1019,547
2900.jpg,1920,1080,person,1492,400,1559,514
2900.jpg,1920,1080,person,1468,663,1517,804
2900.jpg,1920,1080,person,1593,719,1661,875
2900.jpg,1920,1080,person,1821,499,1888,620
2900.jpg,1920,1080,person,1797,1017,1859,1080
scene04021.png,1920,1090,ball,956,546,993,577
scene04021.png,1920,1090,person,1773,470,1916,870
scene04021.png,1920,1090,person,1556,393,1677,932
scene04021.png,1920,1090,person,1305,454,1448,895
scene04021.png,1920,1090,person,610,534,750,840
scene04021.png,1920,1090,person,181,413,361,936
scene03941.png,1920,1090,person,230,103,616,1001
scene03941.png,1920,1090,person,1148,87,1640,958
scene03941.png,1920,1090,ball,648,626,820,736
frame10300.jpg,1920,1080,ball,985,602,1056,665
frame10300.jpg,1920,1080,person,916,841,1090,1080
frame10300.jpg,1920,1080,person,775,865,922,1080
frame10300.jpg,1920,1080,person,656,923,788,1080
frame10300.jpg,1920,1080,person,263,872,504,1080
scene21061.png,1920,1090,ball,1383,389,1589,599
scene21061.png,1920,1090,person,1001,64,1680,1090
scene19501.png,1920,1090,person,177,342,538,1090
scene19501.png,1920,1090,person,1242,99,1668,1090
scene19501.png,1920,1090,person,1685,340,1920,1034
scene19501.png,1920,1090,ball,767,117,867,217
220.jpg,1280,720,person,48,195,75,266
220.jpg,1280,720,person,110,88,136,155
220.jpg,1280,720,person,239,44,264,95
220.jpg,1280,720,person,274,52,293,109
220.jpg,1280,720,person,199,156,227,215
220.jpg,1280,720,person,217,269,245,329
220.jpg,1280,720,person,250,366,291,436
220.jpg,1280,720,person,373,127,399,186
220.jpg,1280,720,person,618,151,648,209
220.jpg,1280,720,person,688,173,718,238
220.jpg,1280,720,person,652,59,675,119
220.jpg,1280,720,person,842,165,874,226
220.jpg,1280,720,person,845,48,877,108
220.jpg,1280,720,person,978,8,1000,72
220.jpg,1280,720,ball,874,82,882,91
frame6200.jpg,1920,1080,person,459,482,689,845
frame6200.jpg,1920,1080,person,630,451,865,825
frame6200.jpg,1920,1080,ball,777,792,818,831
frame6200.jpg,1920,1080,person,775,553,1042,953
frame6200.jpg,1920,1080,person,1836,502,1920,835
frame6200.jpg,1920,1080,person,1865,392,1920,510
scene15461.png,1920,1090,ball,1103,644,1169,717
scene15461.png,1920,1090,ball,1783,272,1846,340
scene15461.png,1920,1090,person,1018,166,1391,711
scene00681.png,1920,1090,person,518,164,893,889
scene00681.png,1920,1090,person,975,197,1146,417
scene00681.png,1920,1090,person,846,174,1540,1042
scene00681.png,1920,1090,person,1142,17,1467,850
scene00681.png,1920,1090,ball,1256,856,1365,964
scene21101.png,1920,1090,person,1289,430,1571,1072
scene21101.png,1920,1090,person,471,599,689,1085
scene21101.png,1920,1090,person,161,689,416,1090
scene21101.png,1920,1090,ball,1103,321,1185,413
3000.jpg,1920,1080,person,1,597,42,854
3000.jpg,1920,1080,person,137,770,476,840
3000.jpg,1920,1080,person,681,578,922,697
3000.jpg,1920,1080,person,860,414,965,702
3000.jpg,1920,1080,person,993,359,1069,594
3000.jpg,1920,1080,person,967,327,1048,542
3000.jpg,1920,1080,person,1134,536,1227,767
3000.jpg,1920,1080,person,1237,287,1343,482
3000.jpg,1920,1080,person,1335,303,1416,504
3000.jpg,1920,1080,ball,741,589,769,615
3000.jpg,1920,1080,person,1363,686,1483,932
3000.jpg,1920,1080,person,1661,743,1904,1010
scene19461.png,1920,1090,person,1,144,389,1081
scene19461.png,1920,1090,person,299,17,714,966
scene19461.png,1920,1090,person,777,221,1299,913
scene19461.png,1920,1090,person,1707,279,1907,895
scene19461.png,1920,1090,ball,563,132,654,217
scene15501.png,1920,1090,ball,1707,348,1756,399
scene15501.png,1920,1090,ball,1403,670,1467,728
scene15501.png,1920,1090,person,895,256,1179,740
340.jpg,1280,720,ball,1181,559,1199,576
340.jpg,1280,720,person,1231,495,1274,590
340.jpg,1280,720,person,1082,34,1106,99
340.jpg,1280,720,person,848,254,884,333
340.jpg,1280,720,person,734,95,764,152
340.jpg,1280,720,person,434,47,456,97
340.jpg,1280,720,person,540,284,563,349
340.jpg,1280,720,person,522,542,553,642
340.jpg,1280,720,person,442,375,482,455
340.jpg,1280,720,person,334,257,368,331
340.jpg,1280,720,person,339,165,369,236
340.jpg,1280,720,person,92,131,119,199
340.jpg,1280,720,person,61,120,93,183
340.jpg,1280,720,person,52,397,85,473
80.jpg,1280,720,person,71,106,95,179
80.jpg,1280,720,person,236,16,256,70
80.jpg,1280,720,person,310,154,331,216
80.jpg,1280,720,person,410,472,446,563
80.jpg,1280,720,person,471,143,502,204
80.jpg,1280,720,person,492,209,521,277
80.jpg,1280,720,person,525,77,546,140
80.jpg,1280,720,person,574,48,589,102
80.jpg,1280,720,person,695,27,720,87
80.jpg,1280,720,person,718,281,743,348
80.jpg,1280,720,person,945,220,974,288
80.jpg,1280,720,person,964,98,989,155
80.jpg,1280,720,person,1192,23,1213,90
80.jpg,1280,720,ball,915,95,924,106
scene04181.png,1920,1090,person,305,119,640,1054
scene04181.png,1920,1090,person,828,481,1140,907
scene04181.png,1920,1090,person,859,407,1187,695
scene04181.png,1920,1090,person,1701,656,1920,901
scene03361.png,1920,1090,person,91,511,201,766
scene03361.png,1920,1090,person,424,595,626,964
scene03361.png,1920,1090,person,503,474,626,689
scene03361.png,1920,1090,person,671,544,854,950
scene03361.png,1920,1090,ball,740,526,787,568
scene03361.png,1920,1090,person,887,528,1040,899
scene03361.png,1920,1090,person,1695,650,1881,985
scene10321.png,1920,1090,ball,1207,803,1273,874
scene10321.png,1920,1090,person,1652,415,1777,872
scene10321.png,1920,1090,person,1542,509,1767,1085
scene10321.png,1920,1090,person,1391,417,1565,813
scene10321.png,1920,1090,person,1150,387,1307,793
scene10321.png,1920,1090,person,948,403,1118,923
scene10321.png,1920,1090,person,577,397,765,1040
scene10321.png,1920,1090,person,85,401,324,1087
scene14621.png,1920,1090,ball,1326,797,1407,872
scene14621.png,1920,1090,person,1407,444,1618,793
scene14621.png,1920,1090,person,1226,264,1507,870
scene14621.png,1920,1090,person,520,303,956,932
scene03201.png,1920,1090,person,3,299,171,1090
scene03201.png,1920,1090,person,1010,148,1356,870
scene03201.png,1920,1090,ball,889,656,977,756
scene12481.png,1920,1090,person,548,534,1357,1090
scene12481.png,1920,1090,person,1393,540,1662,1090
scene12481.png,1920,1090,person,1754,319,1920,1029
scene12481.png,1920,1090,ball,450,523,548,617
scene16181.png,1920,1090,person,1787,123,1912,705
scene16181.png,1920,1090,person,1534,162,1636,532
scene16181.png,1920,1090,person,824,3,1048,503
scene16181.png,1920,1090,person,614,174,1024,934
scene16181.png,1920,1090,ball,1669,1007,1832,1090
frame6000.jpg,1920,1080,person,554,612,597,734
frame6000.jpg,1920,1080,person,778,646,821,770
frame6000.jpg,1920,1080,person,853,440,922,515
frame6000.jpg,1920,1080,person,932,528,970,639
frame6000.jpg,1920,1080,ball,870,632,887,649
frame6000.jpg,1920,1080,person,1157,607,1202,704
frame6000.jpg,1920,1080,person,1284,499,1343,585
frame6000.jpg,1920,1080,person,1492,826,1575,967
frame6000.jpg,1920,1080,person,1692,744,1735,855
frame6000.jpg,1920,1080,person,1607,483,1653,585
frame2500.jpg,1920,1080,person,736,869,856,1080
frame2500.jpg,1920,1080,person,854,941,944,1080
frame2500.jpg,1920,1080,person,926,947,1066,1080
frame2500.jpg,1920,1080,person,1187,892,1317,1080
frame2500.jpg,1920,1080,person,1252,876,1371,1080
frame2500.jpg,1920,1080,person,1459,910,1628,1080
frame2500.jpg,1920,1080,ball,995,245,1095,345
frame2500.jpg,1920,1080,person,1101,916,1203,1078
scene21261.png,1920,1090,person,573,552,1046,966
scene21261.png,1920,1090,ball,1085,234,1191,336
4340.jpg,1920,1080,person,569,353,624,475
4340.jpg,1920,1080,person,539,476,602,594
4340.jpg,1920,1080,person,769,712,827,836
4340.jpg,1920,1080,person,815,679,869,814
4340.jpg,1920,1080,person,890,657,947,786
4340.jpg,1920,1080,person,867,523,909,643
4340.jpg,1920,1080,person,996,464,1031,584
4340.jpg,1920,1080,person,1081,591,1124,721
4340.jpg,1920,1080,person,1540,424,1600,525
4340.jpg,1920,1080,ball,1443,363,1458,378
scene00721.png,1920,1090,person,5,187,212,895
scene00721.png,1920,1090,person,556,158,897,909
scene00721.png,1920,1090,person,856,54,1099,842
scene00721.png,1920,1090,person,1032,164,1303,985
scene00721.png,1920,1090,ball,1336,787,1438,891
5300.jpg,1920,1080,person,162,634,221,817
5300.jpg,1920,1080,person,374,490,430,652
5300.jpg,1920,1080,person,457,584,562,747
5300.jpg,1920,1080,person,1283,399,1335,559
5300.jpg,1920,1080,person,1347,358,1399,524
5300.jpg,1920,1080,person,1434,419,1514,557
5300.jpg,1920,1080,person,1357,543,1427,726
5300.jpg,1920,1080,ball,1533,568,1551,588
5300.jpg,1920,1080,person,1366,775,1429,977
5300.jpg,1920,1080,person,1639,715,1702,928
scene00641.png,1920,1090,person,559,187,810,948
scene00641.png,1920,1090,person,822,81,1144,1032
scene00641.png,1920,1090,person,1042,311,1344,923
scene00641.png,1920,1090,person,1128,30,1497,874
scene00641.png,1920,1090,ball,852,826,910,932
frame8400.jpg,1920,1080,ball,411,589,426,606
frame8400.jpg,1920,1080,person,716,509,799,628
frame8400.jpg,1920,1080,person,861,445,927,572
frame8400.jpg,1920,1080,person,988,463,1032,524
frame8400.jpg,1920,1080,person,843,724,919,906
frame8400.jpg,1920,1080,person,1134,580,1200,743
frame8400.jpg,1920,1080,person,1216,767,1278,931
frame8400.jpg,1920,1080,person,1238,300,1348,412
scene04341.png,1920,1090,person,367,621,822,921
scene04341.png,1920,1090,person,852,3,1510,1090
scene04341.png,1920,1090,person,1324,79,1646,936
scene09881.png,1920,1090,person,3,291,114,952
scene09881.png,1920,1090,person,193,746,883,964
scene09881.png,1920,1090,person,573,299,903,966
scene09881.png,1920,1090,ball,1330,591,1407,664
4220.jpg,1920,1080,person,49,473,106,598
4220.jpg,1920,1080,person,89,688,187,822
4220.jpg,1920,1080,person,379,576,444,694
4220.jpg,1920,1080,person,612,414,664,504
4220.jpg,1920,1080,person,629,587,740,681
4220.jpg,1920,1080,person,760,452,819,571
4220.jpg,1920,1080,ball,992,809,1017,830
4220.jpg,1920,1080,person,1051,815,1129,943
4220.jpg,1920,1080,person,1100,587,1151,686
4220.jpg,1920,1080,person,1643,448,1711,569
scene16221.png,1920,1090,person,7,105,195,601
scene16221.png,1920,1090,person,669,177,1130,842
scene16221.png,1920,1090,person,1714,138,1801,497
scene16221.png,1920,1090,person,530,119,999,681
scene16221.png,1920,1090,ball,1589,999,1748,1090
scene01761.png,1920,1090,ball,1107,442,1191,534
frame4000.jpg,1920,1080,person,767,184,1242,953
frame4000.jpg,1920,1080,person,1524,2,1920,928
frame4000.jpg,1920,1080,person,1448,210,1554,539
frame4000.jpg,1920,1080,person,3,198,99,500
frame4000.jpg,1920,1080,person,99,231,195,453
frame4000.jpg,1920,1080,ball,661,796,769,900
scene17661.png,1920,1090,ball,424,207,516,297
scene17661.png,1920,1090,person,307,268,775,605
scene17661.png,1920,1090,person,22,11,507,1064
frame3800.jpg,1920,1080,person,489,23,899,1080
frame3800.jpg,1920,1080,person,1228,1,1661,972
frame3800.jpg,1920,1080,ball,567,990,738,1080
frame5900.jpg,1920,1080,person,670,835,715,947
frame5900.jpg,1920,1080,person,655,552,684,634
frame5900.jpg,1920,1080,person,679,470,708,537
frame5900.jpg,1920,1080,person,832,454,864,534
frame5900.jpg,1920,1080,person,914,289,932,342
frame5900.jpg,1920,1080,person,1164,411,1195,484
frame5900.jpg,1920,1080,person,1033,587,1069,672
frame5900.jpg,1920,1080,person,1165,592,1191,681
frame5900.jpg,1920,1080,person,1193,547,1224,633
frame5900.jpg,1920,1080,person,1396,559,1423,651
frame5900.jpg,1920,1080,person,1253,808,1289,934
frame5900.jpg,1920,1080,ball,1416,471,1426,481
frame5900.jpg,1920,1080,person,1637,428,1679,496
frame6400.jpg,1920,1080,person,279,682,537,1080
frame6400.jpg,1920,1080,person,775,608,1410,843
frame6400.jpg,1920,1080,person,1265,759,1575,908
frame6400.jpg,1920,1080,person,1487,496,1856,814
frame6400.jpg,1920,1080,ball,516,451,581,514
frame2100.jpg,1920,1080,person,330,307,776,830
frame2100.jpg,1920,1080,person,1351,276,1632,1018
frame2100.jpg,1920,1080,ball,1288,815,1376,907
frame10500.jpg,1920,1080,person,197,669,346,972
frame10500.jpg,1920,1080,person,391,531,544,972
frame10500.jpg,1920,1080,person,485,484,595,784
frame10500.jpg,1920,1080,person,595,533,685,694
frame10500.jpg,1920,1080,person,567,618,675,1033
frame10500.jpg,1920,1080,person,701,531,814,972
frame10500.jpg,1920,1080,person,877,551,985,974
frame10500.jpg,1920,1080,person,1136,631,1252,1041
frame10500.jpg,1920,1080,person,1365,676,1463,957
frame10500.jpg,1920,1080,person,1465,627,1575,1045
frame10500.jpg,1920,1080,person,1661,663,1793,1055
frame10500.jpg,1920,1080,ball,616,276,681,337
2640.jpg,1920,1080,person,142,386,195,476
2640.jpg,1920,1080,person,795,427,832,534
2640.jpg,1920,1080,person,849,437,915,534
2640.jpg,1920,1080,person,821,506,855,614
2640.jpg,1920,1080,person,865,534,897,611
2640.jpg,1920,1080,person,884,588,927,697
2640.jpg,1920,1080,person,991,589,1040,667
2640.jpg,1920,1080,person,1040,526,1102,620
2640.jpg,1920,1080,ball,1045,673,1062,689
2640.jpg,1920,1080,person,727,840,778,983
2640.jpg,1920,1080,person,1022,801,1079,947
2640.jpg,1920,1080,person,1240,329,1293,431
2640.jpg,1920,1080,person,1304,444,1357,553
2640.jpg,1920,1080,person,1501,532,1557,648
2640.jpg,1920,1080,person,1576,302,1626,405
2640.jpg,1920,1080,person,1703,404,1756,505
scene03601.png,1920,1090,person,179,99,389,805
scene03601.png,1920,1090,person,399,121,724,781
scene03601.png,1920,1090,person,1212,123,1546,760
scene03601.png,1920,1090,person,1759,248,1920,959
scene03601.png,1920,1090,ball,563,764,648,844
frame2300.jpg,1920,1080,person,955,732,1484,1080
frame2300.jpg,1920,1080,ball,1080,751,1165,838
scene03401.png,1920,1090,ball,1161,191,1222,244
scene03401.png,1920,1090,person,1283,621,1546,940
scene03401.png,1920,1090,person,742,407,916,819
scene03401.png,1920,1090,person,546,385,771,705
scene03401.png,1920,1090,person,183,474,301,899
scene03401.png,1920,1090,person,224,432,369,844
scene00861.png,1920,1090,person,165,177,395,746
scene00861.png,1920,1090,person,622,207,836,852
scene00861.png,1920,1090,person,867,752,1224,972
scene00861.png,1920,1090,person,1232,283,1530,819
scene00861.png,1920,1090,ball,822,179,916,264
580.jpg,1280,720,person,34,302,61,386
580.jpg,1280,720,person,38,75,73,150
580.jpg,1280,720,person,156,1,185,54
580.jpg,1280,720,person,210,22,239,81
580.jpg,1280,720,person,146,170,171,247
580.jpg,1280,720,person,341,137,373,216
580.jpg,1280,720,person,661,48,693,116
580.jpg,1280,720,person,763,9,810,69
580.jpg,1280,720,person,584,238,624,300
580.jpg,1280,720,person,596,434,621,519
580.jpg,1280,720,person,732,318,774,402
580.jpg,1280,720,person,931,223,961,291
580.jpg,1280,720,person,1234,180,1266,258
580.jpg,1280,720,ball,1213,247,1230,263
5500.jpg,1920,1080,person,4,2,543,819
5500.jpg,1920,1080,person,648,1,1272,862
5500.jpg,1920,1080,ball,1236,705,1372,848
scene17501.png,1920,1090,person,36,172,412,905
scene17501.png,1920,1090,person,540,336,907,899
scene17501.png,1920,1090,person,728,79,983,891
scene17501.png,1920,1090,person,1028,89,1269,923
scene17501.png,1920,1090,ball,836,330,946,440
frame4200.jpg,1920,1080,person,520,167,963,741
frame4200.jpg,1920,1080,person,1534,145,1920,791
frame4200.jpg,1920,1080,person,1722,57,1920,487
frame4200.jpg,1920,1080,ball,1503,696,1610,788
scene17461.png,1920,1090,ball,683,777,787,872
scene17461.png,1920,1090,person,979,128,1336,717
scene17461.png,1920,1090,person,863,132,1114,844
scene17461.png,1920,1090,person,671,91,954,832
scene17461.png,1920,1090,person,375,336,677,801
2680.jpg,1920,1080,person,180,401,232,496
2680.jpg,1920,1080,person,689,492,738,604
2680.jpg,1920,1080,person,738,481,799,588
2680.jpg,1920,1080,person,846,547,911,650
2680.jpg,1920,1080,person,947,530,996,641
2680.jpg,1920,1080,person,1086,535,1136,649
2680.jpg,1920,1080,person,1130,549,1185,645
2680.jpg,1920,1080,person,1181,367,1216,465
2680.jpg,1920,1080,person,1255,510,1294,603
2680.jpg,1920,1080,person,1209,548,1247,658
2680.jpg,1920,1080,ball,1249,639,1267,653
2680.jpg,1920,1080,person,799,904,859,1057
2680.jpg,1920,1080,person,986,831,1054,975
2680.jpg,1920,1080,person,1431,575,1493,697
2680.jpg,1920,1080,person,1483,320,1543,437
2680.jpg,1920,1080,person,1646,433,1679,541
